virus,realm,locus_tag,host,type,shape,accession,protein_id,coding,AAA,AAC,AAG,AAT,ACA,ACC,ACG,ACT,AGA,AGC,AGG,AGT,ATA,ATC,ATG,ATT,CAA,CAC,CAG,CAT,CCA,CCC,CCG,CCT,CGA,CGC,CGG,CGT,CTA,CTC,CTG,CTT,GAA,GAC,GAG,GAT,GCA,GCC,GCG,GCT,GGA,GGC,GGG,GGT,GTA,GTC,GTG,GTT,TAA,TAC,TAG,TAT,TCA,TCC,TCG,TCT,TGA,TGC,TGG,TGT,TTA,TTC,TTG,TTT
Mycobacterium phage Weirdo19,Duplodnaviria,KDJ11_gp01,bacteria,DNA,linear,NC_054433,YP_010050702_1,gtgaccccgccggcggcctcggcggcggcctcgaaatccgttgcggcacaagggaaaaaggcggccctacgacggtcgaaatcgggtgcgcgacagggtaattcggcgacgccaccgcgcaaaacggcacgtaagaggtggtcaccggaggcgggggcccggttgcgggccgatctgtggcgcgatacggaccccggcgggatcaagctgctcgtcgagcaggcctgtcgggtggccgatcgcctcgaaactctcgaccggacgttgcgcggtgacgccggggcgatgatgagcctcgacctcggccgcatcctggcccaggagaccccggccggcgaccgcaaggcgttctatgtcgagcttgcgctcaaggtcgacgccgcggtgagcgaggagcgtcaacaggccaagctgttcgcctcgctgttgtccgacattgcgcggcaacgcgcgttgctgcccccgtcgccgccgggtgccaacggatcgggggaggatgacgacctcgacctcgactag,0.8,1,1.2,1,0,1.14285714285714,2.28571428571429,0.571428571428571,0,0.923076923076923,0.333333333333333,0,0,2,1,1,0.857142857142857,NA,1.14285714285714,NA,0.363636363636364,0.727272727272727,2.90909090909091,0,0.666666666666667,2.33333333333333,2,0.666666666666667,0.3,2.4,1.8,0.3,0.25,1.46666666666667,1.75,0.533333333333333,0.266666666666667,1.86666666666667,1.86666666666667,0,0.307692307692308,0.923076923076923,1.53846153846154,1.23076923076923,0,1.71428571428571,1.71428571428571,0.571428571428571,0,0,3,2,0.461538461538462,0.923076923076923,3.69230769230769,0,0,0,1,2,0,2,1.2,0
Mycobacterium phage Weirdo19,Duplodnaviria,KDJ11_gp02,bacteria,DNA,linear,NC_054433,YP_010050703_2,atgacgacctcgacctcgactaggccggcgcgcacccgctcggccgtcgacaacgacccgccgccgtggattgggcactggccgcgcctcgacgggccccaggagccgcgctatcactcggcgcaccccgacgccgacaccgccgacgaccgcgacgcgatccgggcggccaagttcgcggcgaaggtgacccggtcgaggtgtatgccgtggcagtggtccgaggtgcgcgggatcatgttgcgcaacgccgagggcctgtggctgcaccgcgaggggtgcctcgtcgacacccgccagcagggcaagacgtggatcatggtgattcgcatcctgttcggcctgttctacctcggcgagacgtgcgtttactcggcccagcgcgggcagaccgccgacgcggtgttctcgcggatcgtcgaaatcatcgagtcgaggccgagcctggcggcgcggctgctgaccaagacaggcggcaagcagggccgcggcgacatcaccgtgcgggcccgcaacggcaagatcgcgacgttgcggtgcggtgtccgctcgaccgacctcggtcgcggtctcgaccagatcgacctggtgatcttcgacgaggcctataacctcaccgaggccgaggtggccgcgctggccggcgcgcagatcgcgagcccgaacgcccagaccatctacacctcgaccgcgccggtcgcctcgattcacgcgttctgccacatcttcactggcgttcgcgagcgcggcatggccgggcacaaggaccccgacgaggccgacgccgagctctggtattcggagtattgcgcgccgccgccgccgaaagatgagcgcgagcgcgccgcggcccgcctcgaccgggagaattggcgactcgcgtccccgtcgcatggtgtcatctcgaaggatcgcgatatcgacgcgctccgcaagacgttgtgcatcaacgccgccggcgtcgcactctgggaggcggattttctcgggtggggggagtggccgaccaccgaggagacccgcgagccggtgatcccgatcgaggaggtgtgggtgccgctacgtgaccccgcgccggtgctcgtcggccaaaccgtgatcgcggtatcgaggactcaggaccgcaagcggtgggcgttcgcggccggccgccgccgcgtcgacggtgcggtggcgttggagctcggcaagttcgaggagatgaacctcggccaggccgcccgctatctgctgctgctggtgcagaagttcgacccgcccgaggtgattatggagggccacgacaagggcaccgacctcgtgccggtgatgcgcaagctcggcctcgacatccggttgaccacggcaaacgagttcgcgatcgcctcctcggcgttcatcgaccacgcgttctccggggatatgtgccaccccgaccagccgatcatccgcgaggccctcgaacaggcggcgatgcgcacattgcccaagggcgacgaggtgttcgacacccaagagggctcgatcgcgcaactcatcgcctacgtgctggcgttgtggggagtgctggaatttgccgaggaggacacccccgcggcgttgcctatgggtggtgatggcggcggcccggtcgacgagttcgcggaattcgggtcgacaagtagcacatacgacatctacgacttggcaccctag,0.125,1.77777777777778,1.875,0.222222222222222,0.457142857142857,2.51428571428571,0.685714285714286,0.342857142857143,0,0.692307692307692,0.521739130434783,0.230769230769231,0,2.625,1,0.375,0.333333333333333,1.81818181818182,1.66666666666667,0.181818181818182,0,1.05882352941176,2.82352941176471,0.117647058823529,0.130434782608696,4.04347826086957,1.17391304347826,0.130434782608696,0.133333333333333,2.66666666666667,2,0,0.205128205128205,1.70731707317073,1.79487179487179,0.292682926829268,0.17910447761194,1.67164179104478,2.14925373134328,0,0.0930232558139535,2.32558139534884,0.930232558139535,0.651162790697674,0.121212121212121,1.21212121212121,2.42424242424242,0.242424242424242,0,1.09090909090909,3,0.909090909090909,0,0.923076923076923,4.15384615384615,0,0,1.75,1,0.25,0,1.77777777777778,1.2,0.222222222222222
Mycobacterium phage Weirdo19,Duplodnaviria,KDJ11_gp03,bacteria,DNA,linear,NC_054433,YP_010050704_3,atgggtgcaaattactcgggtgtaattcgaactcggccgaccgccgcggtggcgcgccgcgtgggtggcgcgagctcgctgcgccggccggcggccaccgccccggtcaagacggcgatgccgctcggggagcgtggctacgtcaacggcggcggccaatccaacgcgtggctcgcgtgggacccgttcgaaaaggtgccccagctacagcacccggagagcgtcggggtgttcctcgacatggacaacgacgactcgcgggtgacctcgctgctggaaagcatgagcttgccgatccagtcggcgacctggcgcatcgagccgaacggggccccggccgaggcggtcgcactggtctcgcgggtgttgcgggtgccggtggtcggcgaggacaacgtcgacgacggcggccgcgctcggggccggttctcctggctcgggcacctacaggaggtcgcgagcccggtgccacaattcgggcacgcggtgttcgagcaggtctatcgccgcgaggccgacggccgggtcgtgctgcgcaagctcggcccgcggccccagtggacgatccagagtttcaacgccgccctcgacgggggcctcgactcgatcactcagatcgcgccggcgagctcggcgcgccgcctgtacgggctcaacccgttcgacctgccggtcaaccgcctcgtggtgtactcccgcaacaagcggccgggccggtgggagggccgctcggtgctgcggtcgagctacaagcattggctgctgaaaaacgaactgctcaagatcgaggtagcggtcgcccgccgtaacggcatgggtgtgccggtcggcaccgcgagcaagcccaacgaccccaacgaggtcaaggcgatgcaacgcatcgcggccgggttccgcggcggcctgcactccggggtgggcctggccgccggccaatccctgaccctgctcggcgtgcagggcaacctccccgatattcgggcctcgatcgagtaccacgacaaggcgatcgccctgtcgggcctcgcgcacttcctcaacctcgaccgcggcggctcgtatgcgctggcctcggtgcaagagcggccgttcgtgcaggccctcaacgccgcggcgctctcgtatgccgagatcgcccaagcgcacatcatcgaggacctgatcgacctcaatttcgggaccgacacccggtgtccgcggctcgtgttctcgccgatcggttcccagcaggactccaccgcggcctcgctcaagatgctcgtcgaggccggcctgctggcccccgatctgcgcatcgagcgggccttgcgccaggtcctcgacttgccggccaagcccgaggacggcgaccccgacgccgagccgccgcgtggcaccaccgccccggccgggccgccgcaaacgagcgcgccggccgacgacgacgagcaagaggaggacaccggtgcgtga,0.166666666666667,1.77777777777778,1.83333333333333,0.222222222222222,0,2.82352941176471,0.705882352941177,0.470588235294118,0,1.58823529411765,0,0.176470588235294,0,2.64705882352941,1,0.352941176470588,0.761904761904762,1.75,1.23809523809524,0.25,0.111111111111111,0.888888888888889,3,0,0.15,2.85,2.55,0.45,0.244897959183673,2.69387755102041,2.57142857142857,0,0.24,1.86206896551724,1.76,0.137931034482759,0.137931034482759,1.93103448275862,1.86206896551724,0.0689655172413793,0,2.48888888888889,0.977777777777778,0.533333333333333,0.210526315789474,1.68421052631579,2.10526315789474,0,0,1.33333333333333,0,0.666666666666667,0,1.23529411764706,3,0,3,0,1,2,0,2,0.489795918367347,0
Mycobacterium phage Weirdo19,Duplodnaviria,KDJ11_gp04,bacteria,DNA,linear,NC_054433,YP_010050705_4,gtgcgtgatcccaaccggcaatggttcaagttcacccccgcggccaaggccgacgacgacagcaagcgggcgaccctgcacatttacgacgtcatcggggccgacgtgtttttcggcggcgtcgacgtcaacgaggccgtcgcgctgatcgagggcctcgacaaggatgccgagctcgtggtgcgggtcaactcccccggcggcgcggcgtgggacggcctcgcgttggcgaacgcgatcctgcgccaccccggcaagacgacgacccacgtcgacggcctggccgccagcgccgcgagccttgtcgcgctggccggcgacgaggtgatcgtctccaagtacgggcagatgatgctgcacaacgcccgcggcggcctgtacggcaccgccgaggagctcgccgacgccgccaagcaactcaacaagctcaacggttcgatggccgcgttctacgccgaccgggccggcggcgaggtcgccgattgggcccgcgcgatgcgccgcgaaacctggtatgacgccgacgaggcccacgaggccggtctcgcgaccgccgtggatgaatccggcaaacgcgaggaaatcgaggctgccgcgaccgcctcgatcacccgcgccgcggcgacgttccggttcgccggccgccccaacgcccccgcgccgaccgcgcgggtagaagacgggccctcgggccccgaacaagaggaggcccccgtggctaccagcaaggcaatcctcgacgctctcgggctccccgaggacgccaccgacgaggacgtgctcgccaagatcgagaccgacaaggccggcaccgccgacgacgacaccggcaccaaggccggcgacgccgacaaggccgacaaggtcgacgagggtgaggtggccgaactggccgccaaggccgccgcgctcggcctgaccgtgatcgaccccggcacggtcgccgagatgcaacgcaattcctcgctcggtgccaaggcgcacgcggcgatggaaacgcagcggatcaccgccgcggtcgacgcggcgatcgggctcggcaagatcccgccggcccgcaaggagcatttcgtggcgctcatgcgcgccgacgaggtcggcaccacccagttgctcgccggcatcccggccgagaccgcggtgccgatgaccgagctcggacattcactcgacccgcgggctcaggccggcggcgacggcgacccgaccgacgacccccgctttaaggcctggtcggtcggctaa,0.1,1.77777777777778,1.9,0.222222222222222,0,3.25925925925926,0.740740740740741,0,0,1.71428571428571,0,0,0,2.78571428571429,1,0.214285714285714,1,1.5,1,0.5,0,2.52631578947368,1.47368421052632,0,0,3.42857142857143,2.28571428571429,0.285714285714286,0,3.6,1.8,0.2,0.466666666666667,1.79487179487179,1.53333333333333,0.205128205128205,0.0487804878048781,2.4390243902439,1.31707317073171,0.195121951219512,0.102564102564103,2.97435897435897,0.512820512820513,0.41025641025641,0.148148148148148,2.07407407407407,1.77777777777778,0,3,1.6,0,0.4,0.428571428571429,1.71428571428571,2.14285714285714,0,0,NA,1,NA,0,1.55555555555556,0.4,0.444444444444444
Mycobacterium phage Weirdo19,Duplodnaviria,KDJ11_gp05,bacteria,DNA,linear,NC_054433,YP_010050706_5,atgccaggaacagtgcaggtcaccaagaccgggccgcggacatactcgccggcctcgggcaagttcgtgcggggtggtcgcggcgtcaagttcgtcgccaacggccgcatcgaggagtggggagccggcgataccaacatcgccggcgtcgcgctgaccgatgccgtggcccccgaggaccagaacagccagcagaccaccgacgcccacggccggccggtgctcaacaccgtcgtgctgcccaagacggtcgcggtggcctacggcggtgacgaggtgccggtcacctacaccgccaacaccgcccagggacagttgctcgtcgcggcggccgccggtgcggtcgccccggccggcgaggacgtcgacccgcggctcatcgtcggccggtgcacccagcccggcggcgttgtcgtcgccaccaacccgcgcgggctcgcccgcctggcgatctaa,0,2,2,0,0.533333333333333,3.2,0.266666666666667,0,0,2,0,0,0,3,1,0,0,2,2,0,0.363636363636364,1.09090909090909,2.54545454545455,0,0,2.66666666666667,3.33333333333333,0,0,3,2.25,0,0,1.42857142857143,2,0.571428571428571,0,2.90909090909091,1.09090909090909,0,0.6,2.2,0.4,0.8,0,2.47619047619048,1.33333333333333,0.19047619047619,3,2,0,0,0,0,4,0,0,2,1,0,0,2,0.75,0
Mycobacterium phage Weirdo19,Duplodnaviria,KDJ11_gp06,bacteria,DNA,linear,NC_054433,YP_010050707_6,atgaccagatcaggagtggtgtccatcagcgacgggccgcgcactaccgtcgccgacctcatcggtaacccgatgtgggtgcccaccaagcagaaagaactcatgacggggatcttcatcagcgaggatctgctgcgcaacgagggcagcaacccgtccgggctcgtcggctaccacgagggcgatccggcgtttctggtcggtgacgtcgaggacgtcgccgagttcgccgaaatcccggtgacctacggcgagatgggcatccctcgggtggccgtcgccaacaagcagggcctcggtatccgcatctcgcgcgagatgcgcgacgagaaccggatcggcgcggtcaacaagcagatgacccagttacgcaacacgttccggcgtgctgacgaccgcgcggtgcgggccctgctgctctcgaacgcggtgccctcgctggccgtcgagcacgcgtgggacaccgccaacggcaacccacgcctcgacatcggcctcgggatcaaggaaatcacgttcgcgactccgaccggcgacatcgccgatgacgaggagtggatgggtttcgagcccgacacgatcgtgatgaatccgggcctgctgccggtgttgctggacaacgagaagtttctcaaggtctacaacggcaacatcgccgcggataacccgctgctcaactggcagttgccgggcatgatcgccggcaagacgatcatcgggtcgctttcgttccccgaggaccgaattctgatctgcgagcgcggcacgatcgggttctactccgacacccggccgttggagttcaccggggtttaccccgagggcaacggccccaacggcggcccgaccgagacgtggcgctcggacaccacgcacaagcgggcgatggccctcgaccagccgaaggccgctctgtggctgacgggcctggtgaccccgtga,0.2,1.88888888888889,1.8,0.111111111111111,0,2.08695652173913,1.56521739130435,0.347826086956522,0.315789473684211,1.38461538461538,0,0,0,2.85714285714286,1,0.142857142857143,0,2,2,0,0.181818181818182,1.09090909090909,2.54545454545455,0.181818181818182,0.315789473684211,3.15789473684211,1.89473684210526,0.315789473684211,0,2.06896551724138,2.89655172413793,0.206896551724138,0.285714285714286,1.61904761904762,1.71428571428571,0.380952380952381,0,2.26086956521739,1.39130434782609,0.347826086956522,0.125,2.5,0.875,0.5,0,1.8,2,0.2,0,2,0,0,0.461538461538462,1.38461538461538,2.76923076923077,0,3,2,1,0,0.206896551724138,1.6,0.620689655172414,0.4
Mycobacterium phage Weirdo19,Duplodnaviria,KDJ11_gp07,bacteria,DNA,linear,NC_054433,YP_010050708_7,gtgagcgcggcgaaggccggcacttacgtgctggcggcgtcggcgttctaccgggtcgagggcgagggcgacgaggccacccggcggcgctacaagcgcggcgaccgggtgcagttgtccaaggccgaggcggctcgcctggcggtgccgacccggctcgcgccggcggcgttcgtcaaggcctccgacgacgtcgaggtggcaccgggtgctgatctggtgacctcgccgccgttggcggtcaaccgcacgagcgaggccaaccagctgatcgccgaggccaacagcggcatcgacctcggcggcggcgcggtctcggtgccgaccccggccgacaccgagcccaccggcggcgcgctcgtcgacggcaagcccgccaagagcgccaccctcgacgtgtggcgcgagtacgcggtcaaggtcggcgcggtcaccgaggccgactccggtgacctcaacaaggcggcgctacagcaggccgtcgccgaccacgaggccaagcaggcctag,0,2,2,0,0,3.2,0.4,0.4,0,2.4,0,0,0,3,NA,0,0,2,2,0,0,0.888888888888889,3.11111111111111,0,0,3,3,0,0.5,2.5,2,0,0,1.83333333333333,2,0.166666666666667,0.114285714285714,1.71428571428571,1.94285714285714,0.228571428571429,0,3.42857142857143,0,0.571428571428571,0,2.22222222222222,1.77777777777778,0,0,2,3,0,0,1.8,1.8,0,0,NA,1,NA,0,2,1,0
Mycobacterium phage Weirdo19,Duplodnaviria,KDJ11_gp08,bacteria,DNA,linear,NC_054433,YP_010050709_8,gtggacccgaccacgtttctctcggccgacgagttcgcggcgctaatcgcgccgcgagttctgttgcccggtgagcgtgccctcgtcgagctcctcgtgcaggcggccgcggcatggatacgccaccccgaccgccgccccggactgaccgcctccgatccccttgccgtgcaggcgaagctggtcacctacgacgtggtgagcgcggtgctcggcgcggccggcgtcgacccgcgggtgcgccagatcaccacgagcaccgacaaccggcaaacctcgatcacctacgccgacgccgcgggcctccttgagttcgacgaccggcacctcgtcatgctggacctgtcgaccaccgcggtcccacaagcccggttcgacgacttcgacaccgcgttcgacgattgcgggccccgccgatggtga,0,2,2,0,0,3.33333333333333,0.666666666666667,0,0,2,0,0,0.75,2.25,1,0,0.8,2,1.2,0,0.444444444444444,2.22222222222222,1.33333333333333,0,1,2.5,2,0.5,0.375,2.625,1.875,0.75,0,1.75,2,0.25,0.19047619047619,1.71428571428571,2.0952380952381,0,0.666666666666667,2,0.666666666666667,0.666666666666667,0,1.53846153846154,2.15384615384615,0.307692307692308,0,2,0,0,0,1,3,0,3,2,1,0,0,1.66666666666667,0.375,0.333333333333333
Mycobacterium phage Weirdo19,Duplodnaviria,KDJ11_gp09,bacteria,DNA,linear,NC_054433,YP_010050710_9,atggtgagccccgtcaacctgctgaccgtgctcggccccgacaccgtcgagctcgtcatccgcgagcccgtcgacccgcccgcgatcgacgtgtggggccggccggtgatgaccgaacgcaccgtcaccaaaaccggggcctcgtggacggtgaccagcggcaccgaggaggtcgccgggtcgaccatcgcggtcctcaacgccaccggcgcgctgcccgtcgacgacgacaccgagaacctgcaagccagcgccgcggtacggcatcgcggtcgactgttcgaactgaccacccccggcgtgcgccacgacgacggcctcggccggccgagccacgtgcgggtgttcgccatgtgggccgaggacatgagcctcggcgagcaagtgatcgtcgtgccggccgggcaacgccgcgacggcatggtcgagcccgacggcgaaccgatcccggtgatcgcccgcgcggtcacccccggtaacgcctcgatcaagttcggggcgaccggcccgagcgtggccgccgactacaccgtcgtgctcgacctcgacgtgccggtgcgcgacggtgattggctcatcgtgcggggccgcgagtgccgcgcgctgatcgagcgccaggagtcgcagtgggccgagcgccgcgagctcgtcgtgctggcccagtaccgcggcgggggtgtgacgtaa,1,2,1,0,0,3.55555555555556,0.444444444444444,0,0,3.6,0,0,0,3,1,0,1,1.33333333333333,1,0.666666666666667,0,2,2,0,0.3,4.2,1.5,0,0,3.17647058823529,2.82352941176471,0,0.375,1.875,1.625,0.125,0,2.66666666666667,1.33333333333333,0,0,2.36363636363636,0.909090909090909,0.727272727272727,0.125,1.625,2.25,0,3,2,0,0,0,0,2.4,0,0,2,1,0,0,2,0,0
Mycobacterium phage Weirdo19,Duplodnaviria,KDJ11_gp10,bacteria,DNA,linear,NC_054433,YP_010050711_10,atggcccggccccgcaacatgaaacccggttttcaccgcgacgccaaggcgattggccgcatcgcgcgcaccgacaagggactcaaggcgttcattcacggtgtcgccgagcagggtgccgaacgcgccggcggccacgtcgaggactacgtcaccgaccgcgtggtctcggcggtcgtcgtcggcgaggaggaccaagccaaggatggggccgcgaccaaggcggccggcgagctcgggtggccgatccgatga,0.333333333333333,2,1.66666666666667,0,0,4,0,0,0,0,0,0,0,1.5,1,1.5,1,2,1,0,0,2.66666666666667,1.33333333333333,0,0.75,4.5,0.75,0,0,6,0,0,0.333333333333333,1.66666666666667,1.66666666666667,0.333333333333333,0,2.28571428571429,1.71428571428571,0,0.363636363636364,1.81818181818182,0.727272727272727,1.09090909090909,0,3.5,0.5,0,0,2,0,0,0,0,6,0,3,NA,1,NA,0,1,0,1
Mycobacterium phage Weirdo19,Duplodnaviria,KDJ11_gp11,bacteria,DNA,linear,NC_054433,YP_010050712_11,atgagagtgcacgccgacccggtgcccgcgacgatcaacgcgctacgcgcgttcttcctgctgcccagcaccgtcgccgacctcggcgtcgcgtgccgggtcgaggatgccgaggacggtatcccacaagattggtccctacgaaccggcccgcccctcgtcaccgtgagcgatgacggaggtcccgtgcaataccccatcaaacgcgacccaaccatgcggatattggtgcgcgcgagaggatcacggctcgctaagcgggtcgcggccctggccgatggctatcttcgcgcgaatcttcccgatggaatggcaactatccggcgaggcggctcggcgttcgtagtaacacgggactcggactcaggtgcagacctggcctcgttcaccttgccggccgttgtcccgatgatcgactactag,1,1,1,1,0.5,2.5,0.5,0.5,0.857142857142857,1.5,0,0,0.5,2.5,1,0,2,2,0,0,0.666666666666667,2,1.33333333333333,0,0.857142857142857,1.71428571428571,2.57142857142857,0,0.923076923076923,1.38461538461538,1.84615384615385,0.923076923076923,0,1.28571428571429,2,0.714285714285714,0.444444444444444,1.55555555555556,1.77777777777778,0.222222222222222,1.09090909090909,1.81818181818182,0,1.09090909090909,0.571428571428571,1.71428571428571,1.42857142857143,0.285714285714286,0,1.33333333333333,3,0.666666666666667,1.5,0.75,2.25,0,0,2,1,0,0,2,0.923076923076923,0
Mycobacterium phage Weirdo19,Duplodnaviria,KDJ11_gp12,bacteria,DNA,linear,NC_054433,YP_010050713_12,atggccggcaatcccgcaaatgtttcgtctcgcctttgggccgaggccgactttctgatctaccgggcggcgaccctgccggccgacgacatccccgaggcggtgaccgatccgttcgtgaccggcgtcggtaagtgggagttcctcgggttgctcgtcggtgacgccggcatcgagcagtctcgccagtgggactccaccgatatccccgcgtggggatacggcacgatcatcgttgccgacaaggacttttcgcacaccaccacggtctcggcgttggaggacaaccccgccacccaggaaatcatctggccgggctcgaccgacacgagcattgtggtgccgcacgcgttgcacgcgtggttcgcgatcgagaagcgcaccgccgccggcggcatcaaccggctcatctccaagatgccgggccggttctggtgcgagacggtgagcgacgccgagggcaccgcctcgccgcgcgaaatcgaggtgcgggtgttcccgaactcgaacaaggaactgtactccgcgcagaaggccgcctag,0,1.33333333333333,2,0.666666666666667,0,2.85714285714286,1.14285714285714,0,0,0.923076923076923,0,0,0,2.76923076923077,1,0.230769230769231,0,2,2,0,0,1.45454545454545,2.54545454545455,0,0,3,3,0,0,1.8,1.8,0.6,0.5,1.66666666666667,1.5,0.333333333333333,0.173913043478261,2.26086956521739,1.56521739130435,0,0.307692307692308,2.76923076923077,0.307692307692308,0.615384615384615,0,1,2.33333333333333,0.666666666666667,0,2,3,0,0,1.38461538461538,2.76923076923077,0.923076923076923,0,2,1,0,0,1.42857142857143,1.8,0.571428571428571
Mycobacterium phage Weirdo19,Duplodnaviria,KDJ11_gp13,bacteria,DNA,linear,NC_054433,YP_010050714_13,gtgcagacagtcaaggccctgaaggcactccccggccgcgccgagggtgcagtgttcgacgtagacgaggcctcggccacggtgctcaaggagcgcggcgacgtcgagttcgtcaaggagagcgcggcctcgggcggggtgttcacccgcaccggcaccggccgcggcaacctcgcggtgactcaggtcgcccccgcggactaccccgagcaggccaccggcaccggtgcggcccccgacaccaccgcgccggccaccgccgacgccgcggtgaccgaggccccgcccgcgccggtcgaggtcaccaaggcctcgaacaaggccgacctcgtgcggtatgcgctcggccggttgaaccacgacgacggccggccctacaccgaggccgaggtcgaggaactcagcaagcccgacctcgtcggcaagctcggcctgtaa,0,2,2,0,0.285714285714286,3.14285714285714,0.285714285714286,0.285714285714286,0,2.4,0,0,NA,NA,NA,NA,0,2,2,0,0,2.8,1.2,0,0,3.42857142857143,2.57142857142857,0,0,4.36363636363636,1.09090909090909,0,0.166666666666667,2,1.83333333333333,0,0.32,2.4,1.28,0,0,3.14285714285714,0.285714285714286,0.571428571428571,0.25,2,1.75,0,3,1.33333333333333,0,0.666666666666667,0,0,3.6,0,0,NA,NA,NA,0,2,0.545454545454545,0
Mycobacterium phage Weirdo19,Duplodnaviria,KDJ11_gp14,bacteria,DNA,linear,NC_054433,YP_010050715_14,gtgccgagtgaggccgctcggttagaggcgatcggcgagaccgaggccgttgtccggttccgcggccgcacgctgcgcgtgccgctggacctcgacgagtggcccctacccaagatccgcgccgcggattgggtgggggccgtcgacgagctcctggccgggcaacgcctcgggatcgccgaccccctgctcgacgactaccgagaactctccgaggcgatggccgaggccgtcggcgtgggccggctgcccgaggagccctcgccgcctgaccaatggttcggcggggtgccgcggctgctgcggctgctcgaccaccacgagcccgacgtcgagctcgatctgcggcgcatcggcgtcgactaccgcgaccggttccgcggcacgctcaccttgcggcaagtgtgggtgtacgtgcggcgctcactggcgacctcggcggtcgcagtcgccgacaacggcggcaaacacgtctggaccgagggcgacttcattaccgcctcgatctaccaggcccttaccggcgaggtgtaccccggtcgcccgctcaagccggctgaggtagcaaaggcgatcgaagctatgcaagcaaaagccgcgcacgccgctaagttacgagaacggcaagcccactacgcgccgacgccgccgccggccgcaccgggactgcccgaggcgatgcaagccgcgatcgccaaccgagaagccgaactaggagcgacccccgatggctaa,0.666666666666667,2,1.33333333333333,0,0,2.8,1.2,0,0,0,0,1,0,2.625,1,0.375,1.71428571428571,2,0.285714285714286,0,0,1.71428571428571,2.0952380952381,0.19047619047619,0.782608695652174,2.60869565217391,2.60869565217391,0,0.461538461538462,2.07692307692308,2.53846153846154,0.230769230769231,0.476190476190476,1.625,1.52380952380952,0.375,0.432432432432432,1.94594594594595,1.18918918918919,0.432432432432432,0.421052631578947,2.52631578947368,0.842105263157895,0.210526315789474,0.210526315789474,1.68421052631579,1.89473684210526,0.210526315789474,3,2,0,0,1,1,3,0,0,NA,1,NA,0.461538461538462,2,0.230769230769231,0
Mycobacterium phage Weirdo19,Duplodnaviria,KDJ11_gp15,bacteria,DNA,linear,NC_054433,YP_010050716_15,atggctaagaccgccgccaaggaacacctctcgcccgtcgtcggcgaggacctcgacgccgacgatcaggccgccgaggcggccgaggccctcaaccgggccgtggtcaccctcgaatggaaagggcagacgttcaccctgcccaagcgccgcggccgctggcccacccgcgcggcccgcgagttcggccgcgagaaccacctcggggcgatcgtcgcgttgctcggcgaggaggcatgggcccgcctcgaagaactctgcccggtcgtcgacgacatcaacgagttcgccaactacgccggcgagaagatcgccgccgagtgcatcccgtag,0.4,2,1.6,0,0,3.2,0.8,0,0,0,0,0,0,3,1,0,0,2,2,0,0,2.4,1.6,0,0,5.25,0.75,0,0,4.8,0.6,0,0.571428571428571,1.66666666666667,1.42857142857143,0.333333333333333,0.2,2.8,0.8,0.2,0,2.85714285714286,1.14285714285714,0,0,3.42857142857143,0.571428571428571,0,0,2,3,0,0,0,6,0,0,2,1,0,0,2,0.6,0
Mycobacterium phage Weirdo19,Duplodnaviria,KDJ11_gp16,bacteria,DNA,linear,NC_054433,YP_010050717_16,gtggcgatcgactcggtcggctactacgcgttacccgtcatcccctcgttccaagggatggaccgccacgtcaacgcggcgatgtcgaaatcgtttggtgggctcgggcacaagctcggcaccgagctcggcgacggcgtcggcaagggtatccagtcgagcgccggtaaggtcgccgcggccgccaagacacacaccgcggccctcgacaaggtcaaagatgcctcggccaagctgcgcaccgaggaggccaaactcgacgcgctgcgcaagaacgccggcgcgcgggcctcggccgtcggcaccgccgagcgtcgcctcaaggagctccgcgacagcggcaaggccaccaacaagcagctagaggccgccgagaaggccgtcgccacggcccgcgagcgggcccgcaacaccgccgcccaggtcaccgccgccgaggggcgggtgagcactcagcgccgcaaggaggccgccgcctcccgcgaggccaccgccgccgaacgcgagctcgccgccgcccgccgcaccaccaacaccgccggcgcggtgggtaacccgctgcgcggggcccgcgaggcgatggccggctcggcgtcgggcctggccggggtggccggcggcatcggcaaaaaggtcggcggcgcgttcatgggcgcggtggccggggtggtgagtgtggccgcggtcggcaagctgttcacgagcgcactcgaaaccggcgtcgacttcgaacgctcggtcaacgcgttctccggggtgaccgcccaagccggcgacaccgccgaaatcaccacggcccgaatgaacgcgatgcgcgaggccgcccgcgcgctcggctccgacacccaactcgccggggtgagcacccgccaggccggcgacgcgatggtcgaactcgccaagggcggcatgaccgcccaacaggcgatggaagccgcccgcggcaccttgcaactcgccaccgccggccaactcgacgccgccgaggccgcctcgatccaatccgcggccatcaacacgttctcgctcacggccaatgacgccgggcgggtcgctgatctgctcgccgcggcggccaacgcgagctcggccgaggtgaccgacctcggcatggcgctcaagcagggcggcgcggtggcctccgggttcggcgtctcgatcgaggacaccctcaccgccctaacgatgttctcccgcatgggcatcaacggttccgacgccggcaccatgctcaaaacgtcgctacaggcgatcaccgaccagggcaacccggcccaaggggcgatcgagcaactcggcctgaccctctacgacgcgcaaggggtgttcgtcggcgtcgagtcgatgatgaaacaggtcgccgaggcctcgggccggatgactcaggaacaatttcaggccgcgaccgcggtgctgttcggctccgatgcgatgcgcgcctcgatggtcgcggccaagggcggggcggcggcgtgggatgacgccgcggccgcggtgacccgcgagggggccgccgccgacatggccgccgcccaaatgcaaggcctgcccggcgttgtcgaggccctctcgaacacgtgggaggcgttcaaactcgcgctgttcgacgtgctcgacgggccgctgatcgcgatcggcaattggttcaccgacatcatcgacggcggcggccccgattggatacgggagttcggcgacacctttaaggcggtgttctccgacatcggcgcggccgtcgccccggtcaaggggatcgtcggcgacctcggcgacgcgtttcagcggtggatcatgccggcgctcaccgagtacatgggcaagctcaagggcccgctgaccgaactcggccgccaggtcggcgcgacgttccgcgaggcgttgccggtgctcaagctcgtcggcatggtgctcggcggggtgctgctggccgcgatcaaggcggtgtcaatcacggtgccgctcatgctcaaggcgttcaccctcgggcagaaagccgcgcaactgctgttcgccgcgctcaaggccggcgtgccgatcgtcaccggcgtcgccaaggtgatcggcggggtgttcgtcggcgcgtggaatctgctcaaagcggcggcctcggcggccggatcggcgctctcgccggtgttctcggcgatcaaggccggcctcggtgcgctggcgacggtgggccgctacgtgttcgacacggtgctcctgccgatgtggaacaacctcaagctcgccgcgagcaccaccgcggcccaactggccccggtgtgggacggcatcaaggcggcgttcggggccgtcggcgacgccgcgaccgcgttctatcaaggggcgatcctgccggcgtgggaggccgtcaagggtgcgtttagcgccgggtgggcggcaatctcgccgatattccagcggctcaaggatgcgttccaagacgtccgcaatttcgtcgggtcggtgtggaatggcctggccggggtggtcaagaaggccctcgacgcggtgatcgaggcggtcaagggcccgttgcggtggatcgggcgcaccttgcagaaggtgccgacctcgatcgggccggtgcagataccgggggcccaggccgccaaggacctcggcaacagcctcgccgggttgcgtgatggcggggtggccggccgcacccgcgacggccgcctgtgggggcccggcaccggccgaagcgactcgatcctcggcctcgacgccgcgggccggcccaccgcactggtgagcgccggcgaggggatcgtcaccgatgcggcgatgaaccgcggcggggccccgctggtcgccgcgctcaacaacgggtgggtgccgccggcgggcctgttgcacgcaatgttgcccggctaccgcgacggcggacgcatcgccgaggccgactatttcgcccagaccgtcggcgacggccggccctacgtctacggcggggtgggccccggtttcgactgctcgggcctgcaatcggcgatctacgcggtgctgaccgggcaggaccccggtaagcggcacttcaccaccgaatcgaatttcgaggctctcggtttccagcccggctatatgcccggtgcctacaacatcgggatacgtcgcggcggcggtggccgcctgtcgcacatggccggcacgttgcccaacggtgtgaacgtcgagtcgggcggcaaccacaactcgacgctctacggcggcgacgccgctggcgcgcaagacttcccgctgcaattccacctcccggtgggcggcggcgacccgagcggcggggtggccggcggcatgtcgcaagccctgctcgggcgggtgccggccgggtcgacggcgggcaccaacgcccgcggtgaggccggctatttcacccccgacgcggcgaagatccgcgaggccgaggccaaggtccgcgaggtcgaggcccgccaacgcgaggtcgaggccaaaaaggacgccaaggagagcgagaagctgcgcgtcgagcggcaattggacaccgcgcgcactcagctagaggaggctcgccgcggcaagttcactaagttctccaaggccgacctcgacgcggccgagggcggcggcggtgagagcaaggagacccaactcggcgagctcggctcgatcgcgaaatcgttcctacaggacacgttcgggctcggtgacctgctgcccgacccgtccgagctcgggatcgtcaagctcgcccaagcgatgctcggcatcaagtacaccccgcaaggcaagggtttcccgtggcaggtcggctaccccaacggggatggcaccccgtggtcggggaccccgtcgagcccgctggacaacctcaccggggaggccaccgcgggcctcggctcgatcgtgcccggcgtgacctcgatgctgcccgacgtcgcgaccatgatgccggccgcgcacggggccggtgccggccaaccgcccggcccggtcgacgcctcgacgaacgtcacgatcaacaacccgcaaggcacccccgaggccaacgagatgcggttgcgccgaacgctgctcaagacaccgcggctcaacacctaccaacaaaaccccggagtgatgggcaaatga,0.387096774193548,1.69230769230769,1.61290322580645,0.307692307692308,0.0941176470588235,2.82352941176471,0.894117647058824,0.188235294117647,0,1.28571428571429,0,0.0857142857142857,0.272727272727273,2.72727272727273,1,0,1.09090909090909,2,0.909090909090909,0,0,1.47368421052632,2.52631578947368,0,0.264705882352941,4.05882352941176,1.41176470588235,0.264705882352941,0.256410256410256,3.28205128205128,1.8974358974359,0,0.295081967213115,1.71875,1.70491803278689,0.28125,0.0689655172413793,2.31034482758621,1.55172413793103,0.0689655172413793,0.0652173913043478,2.54347826086957,1,0.391304347826087,0,2.02061855670103,1.93814432989691,0.0412371134020619,0,1.55555555555556,0,0.444444444444444,0.0857142857142857,0.942857142857143,3.6,0,3,2,1,0,0.0512820512820513,1.77272727272727,0.512820512820513,0.227272727272727
Mycobacterium phage Weirdo19,Duplodnaviria,KDJ11_gp17,bacteria,DNA,linear,NC_054433,YP_010050718_17,atgaccgcgaccatgccgccggccgtctccggtcaccgccgccacgtcgagtggcaccaactgtccgacgccgcccgcgccgagggggtttcgtgcgcgtggatcggctccgacggccgctattggccgctgaccggcacgatggccggcaccgagggggcgttcatcaccggcccgatcgacggcatggtgcacgtgccgttcgagggggtgtggacaaccccggcctacgggccgccccggttcgagcgcaccgtcgacggccgccgcgaaatctctttcaccctcgggctcatgaactcgacgcgcctcggctggtacgacaccgagacccggttttgggccggctgcaaaaaggacgcaacggggttcttctcggtgaccacccgccggcacggccaactgtggttgccgatgcagctgctcgaagcacccaagtgtgcgttgcccgacgatccggcctatcagaaagtggcgttgcacgaggtgattctcgcggttgacggtgagccccgctggcgacgacccgacgtgtccccgccgccgttcgtgcggccggtgcacggcggctctcggctcggctcgatccgcatcgccaaccgcggcaccgaaccggcctggccgatcttctttgtgtccgcgccgggcaaggtgtggctgcccgacggccccaacgcgttcaccaccggggagcgcaaccccctcgacgattggccgcggatcggcaagctgttcggtatcccgttcgtcgacgagatactcggcacgttcacccgccaacgcgacgcgaacatgatcgagatccccgagctcgaaccgggcgagcacgcgatcatcgacaccgacccgacgcaccgcatcgcgatcaccgccaaggaccccgtcgacaacctgctcaagaagttcgtacgcaaaagcgagctcctcgattggctgctcggcgaatacggcgactcgggattgccgctgctgcaacggttccgcggccagggattctcggtgccgatcccgccgcgcagtgtggcgacgttgccggtgatccatgaacagcccggcgggcaaatctggtgccaggtgccccaacggttcgaaagcgcgctcgcatga,0.6,2,1.4,0,0.16,2.88,0.96,0,0,0.75,0,0.375,0.15,2.7,1,0.15,1.09090909090909,1.8,0.909090909090909,0.2,0,1.2972972972973,2.7027027027027,0,0.413793103448276,3.93103448275862,1.6551724137931,0,0,2.89655172413793,2.06896551724138,0,0.666666666666667,1.71428571428571,1.33333333333333,0.285714285714286,0.444444444444444,1.62962962962963,1.92592592592593,0,0.222222222222222,2.55555555555556,0.888888888888889,0.333333333333333,0.173913043478261,0.869565217391304,2.60869565217391,0.347826086956522,0,1.2,0,0.8,0,1.875,2.25,0.75,3,1.5,1,0.5,0,1.77777777777778,1.03448275862069,0.222222222222222
Mycobacterium phage Weirdo19,Duplodnaviria,KDJ11_gp18,bacteria,DNA,linear,NC_054433,YP_010050719_18,atgaccggcctgctcgatcgggtggtgagcgcggtcggcggcgcgctggacccgcgcaccgaggccggcgagttctcccccgagttgcggatgcacttgctggagcgccggttcgcctacatgaaccggcgcaccaaggccccgctaatccgcgtgtgggacaaggaattcaatttcatcgcccggctggagaacctcgaccggtggagttgggaggagctcgccaccgacgacggcgaggcacgggtgacgttctcgggccgcgacatggattggctgcgcgagattctgacctaccagatcggggacgaggaggacatccacctcacgattgaccccgaccccgacaagccgcacgactggcgtatgcggtggggcggcaaggtcgtcaccatcgagggcgaggacaaccccggcgaggcctcgacgaccacgctgaattgcatctcgaaccgacgccacctcaaggggatctatctggcggccaacccgatcgccccgatggaggtgcagctgccaaagatgttcctgtggggcggcccgacggtgtcgacgtgcgcgatcagcacgttcatcaactgctttaggttgttcaccctcaacggtttccacccgatcccgcgcaacctgttcgcccccgagacgtggctgcaaaacatctcgccgctcaactggccggtgcaagtcatgccggtcaatccgatcttcgaccaatcgcggtggtgcaccatcggcgcacggtggaaagacgcgcacaccgtgctctcaccggtgatgcaagacgcctcggtgatctgccgggcctacacctggctaccgggcgacccggccccctacaccatgttcgggccgctggccgaggccctcaagccgacccgcgcgtgcgtgatcctctcgttcgagaacaagagccgcgtgtccgggccgacgggcaccctcgtcgacggcgcgatcaacctgttcgccgcgaccctcgacgacctcatcaccgagacgttgatcccgatcgacgccgaccgcgacaacgaggtcgacccgttcttccgcaagctgctcctcgtcgcccccaagccgaccccgttcgtgtatcgagacgtcggatatggcaatgtccgcaaatcgaaattcgtcattcataaatcgcaagccaccgacattatcgtcggcgggaaatcgcctcaatgggtaaatcaggcgatcacatttgccattagatatgggatatcgcagctggcccaggtggtaatgggctacgaggcggccggcgtcgagggcctcgacaatttatatcagggccaattagatgacgtctttattgcatttcaacgctatgtaaatccattacggtccagcaaagccggatcgtatgcgttccgcgagtatttccaccaaggccacgggtcggcgtacaccgtcaacgcgatacaggacatcgccgccggcgatgccgcgatgaaggcctaccggtcgcagaagttcgacgtcggcgacgcccagccctacatcctcggtgaggactactggctcggcgacgcggtggccgccgaaatccgcggggtggtctacaccgagaacgtgttctcgatccgcgccgagggatcgcgcaccgaggtcggccggccggtgatcggtttcggcgacgacacccgtgaggaggacccggtcgcgcgggggttccgcacgatgggcaacatcgccaacttcgccgcgctgctggccggatcgggggacctgttctag,0.666666666666667,1.41666666666667,1.33333333333333,0.583333333333333,0.117647058823529,2.58823529411765,1.29411764705882,0,0.15,0.888888888888889,0.15,0.222222222222222,0.166666666666667,2.33333333333333,1,0.5,1,1.77777777777778,1,0.222222222222222,0.228571428571429,0.914285714285714,2.74285714285714,0.114285714285714,0.3,2.85,2.25,0.3,0.260869565217391,2.34782608695652,2.47826086956522,0,0.129032258064516,1.80487804878049,1.87096774193548,0.195121951219512,0.226415094339623,2.49056603773585,1.28301886792453,0,0.347826086956522,2.52173913043478,0.869565217391304,0.260869565217391,0.3,1.9,1.8,0,0,1.11111111111111,3,0.888888888888889,0.222222222222222,0.666666666666667,4,0,0,2,1,0,0.391304347826087,1.73333333333333,0.521739130434783,0.266666666666667
Mycobacterium phage Weirdo19,Duplodnaviria,KDJ11_gp19,bacteria,DNA,linear,NC_054433,YP_010050720_19,gtgagcaaagctgcacggttgcgccgcaagaaaacccgaggcaatcgggtgttcccgaattttccgtatgagcgggagttcacccaagccgagctcgacgcgctgttcgcgcggtgggagcggatcaaagagacgttgcgcgacgcggtcggcccgcaagggtgggggatgggcctgcccgaggacctgttgcagcaactcgcgttgcatcaggcgttggccggcgtcgacgccgacgccggctatccgccgttcgacgaggccaccggcaccggagcgttcatccggccggtgcgcaaccccgacggcctgcacaccgactcgatcaagtgggtgctgaccaaacacgacaaggccggcgaccgccgccgcgacgcccaagccgaggcccgcgcccgcatcaaggcgttgcaggagaacgcgatgcgcggggtgagcgacgacgtccgcgaggcaatggtcgaaatgttcgccgccggcaccgagtgggccgaggaccaaaagaccgtggcaaccgaccccgaaccgtgggccgagaagctcgaccaggagaggaaaccatga,0.909090909090909,1,1.09090909090909,1,0,3.6,0.4,0,0,4,0.315789473684211,0,0,3,1,0,1.11111111111111,1.33333333333333,0.888888888888889,0.666666666666667,0.363636363636364,1.09090909090909,2.54545454545455,0,0.315789473684211,3.47368421052632,1.89473684210526,0,0,1.28571428571429,2.14285714285714,0,0.25,2,1.75,0,0.461538461538462,2.15384615384615,1.23076923076923,0.153846153846154,0.307692307692308,2.76923076923077,0.923076923076923,0,0,1.6,2.4,0,0,0,0,2,0,0,2,0,3,NA,1,NA,0,1.71428571428571,2.57142857142857,0.285714285714286
Mycobacterium phage Weirdo19,Duplodnaviria,KDJ11_gp20,bacteria,DNA,linear,NC_054433,YP_010050721_20,ttgggaatgatccccaccgagccgctgttcgtcggcgagcggtttatccgcgtgctgttctacatcgccccgcgcaaccccggcgacccgcaaacgatcgtcggcacgttcacgctcatgcccggcgaggacaacatcgtgctcgatgcgatcaagggcgacaagggcgacaagggcgacccggccccgttctggcggcccgagtggaactcgacgatcacccggatcgtcgacctaccgccggccagcggccccaacgcgctcaagccctccgacgccggccgcgcctggtacatcgacggctattggcacatctggaccggcaccggataccgcacgatcctcggcgcgatccccggcccgcccggccccacccccgacgtcgggttcatcttccgtggcgtcgagccccccgagggcggcatcacctacccgctacccctcaacgtggccgagagcggcggcaccctcgacccgctgttcaccgtcgacgtgccgatcatccccggcccgccgggcccgtcgacctcgatgctcggggcccccgacgtgtacggcccgttccaagagggccaaggagtcgcgttctcggcgatggccggcggcgtcggcaagcccggtttccggcccgccgacaactccccgtgggcggccaaaatgttctcggtgcccgagtattcgttcgggccggcctcgacctacgggtcgacccacaacgtcatcgcgacgctcatcatccccggccaagatcaggcctactatccctcgatcggcggccaggtccggtggaagcgatctggcctgttcaacaacgcccaggtcgaggtgcaggtgcggtgcctgccgcacgggtcgaccgacgcccccgagaccggcgcactatgcgcccgcgccctctatgaccccggaactctggacttcgaaaccgtcgcccacattcacgagcactggtccgatgagtccgacccgagccgcgcggtggcccccgacagtgcggtcgggcgggtgccggccgggcagtcgatggtctattacgtgctgctgacccgcgtcggcggcaacggctcgatcgtctaccgcaccgccggatcgcacctcgacgtcaagctctttccggtgagttga,0.25,2,1.75,0,0,2.78260869565217,1.04347826086957,0.173913043478261,0,0.782608695652174,0,0.521739130434783,0,2.86363636363636,1,0.136363636363636,0.888888888888889,2,1.11111111111111,0,0,2.09090909090909,1.90909090909091,0,0.352941176470588,2.82352941176471,2.47058823529412,0.352941176470588,0.782608695652174,2.8695652173913,2.08695652173913,0,0.142857142857143,1.72727272727273,1.85714285714286,0.272727272727273,0.133333333333333,2.66666666666667,1.2,0,0.425531914893617,2.8936170212766,0.595744680851064,0.0851063829787234,0,2.3448275862069,1.6551724137931,0,0,1.28571428571429,0,0.714285714285714,0,1.04347826086957,3.39130434782609,0.260869565217391,3,2,1,0,0,1.75,0.260869565217391,0.25
Mycobacterium phage Weirdo19,Duplodnaviria,KDJ11_gp21,bacteria,DNA,linear,NC_054433,YP_010050722_21,gtggtcgttagtcgccaactccccgagaatctcggcaaccccgacctcgcccgcggcgcgggcgagacctcgctgcgcaacccgctgcgctccccgctggactaccaatccgcgttgggtgacaccgtgctcaccgccggcggcaagatccgcgaggcgatcgagtcgctcagcggcgatgccgtcgaggcgatctatctgctcaccgggatcgacttctcgggtcccgagcagttcgtgacctcgctcatcaacgtcgtgaccaccggcggcccggcggtgcaattcgcccaatccatgctggacacgatcggcaatcacctcggcatcgccaacctcggcggcgcgctcggcgaggtcgccggcctggtcgggcggctcgtcaacggtgggcaacccatcaacgccgccaacctgttcggcagcatcttccccggcctgttgccgatcgtgccggccggctccttgtcggcggtctcgccgaacctggcgatcaatccgcggttcaccgccgacgcgatcgccccggcggtcgactggtcggtcgacatgagcacctcacgctccgacgatggcagcggtagcgcgcacgtcgtcgccgacggcaccccgcacgccctcaacaccggccgtgaccgcggcgaccggataccggtggccgaagggcagaagatccgcaagctgatctatgtcacccacgccgcggccgtcgtggcccccgacggggtgcccgtcatgttgcacgtgcggccgttcaacggcgaggccgagctccccctcgtcgaggtcgacacctacaccccggcgatcccgacgttggagtggcccggtcaaccgctcatgggcacctacaccgtgccggccggcgtcgacgcgatccaatggcggccctcgatcaccgaggcggccctgtcgggcgagtattggttcgacgacgcccagatcgagcacgtcgccgacctggccgcggtgcccggcctgcgcgacgcgttgcaggccctcgaccgcaagggcgacgcgctgctcgacacgatcgccagcgccgcgcgcgggttcccgatcgtcggggccggcatcgccgacgtcgccgaggcgttggcgaacttcaacccggccaatatccccggcctgttcggctcgaacaccatgtcgggcgacatgcgcaagatcgtcgacgcgttcgtgagcggcatcctcggccgcaaggtcaccggcgcgagcgccgaggacctcgaaaacgcggcctcgcaactgaccaacgtcgccggctccgatgagaccgtctacgtgctgcacacctatagccaggtgatccccgagttcgcggcgtggttcgacgcggtcgcggtcggccgcggccaagacggccaagacggcgtgctcgggttcttcgggcaaggcggggccgccggcaagttcaacgcgagcacctggcaagacggggtgcactacaccgccggcgtcaccgtggtcaccgtcaccgtcaactcgaacggttcgatcacggtcgcggtccccggccacgccctgaccgcgcaaccgggctcgggcccgcaatcacacgatccgttcggccggtggcacggccgcggcaccgccgacggcggggagtacagctacaacggccgcatctaccgcggcggtagcgcccagaacacccccggcggggccggtatctcgccgggcggcggtggcggcggtgggcgggggatcgtgatcccgcgcggcggtgacggcggcgcggccgcggcctggctgcggttccgcgcggcctcggtgcccaatcaatcgaccggcgcggacaccaccccgccgggcccgccgacgatcgtcgaggtggtcgcggccacgaacaacgcgttcacgttgcgcgtgggggggagcgtggatggctaa,0,1.62962962962963,2,0.37037037037037,0,3.3,0.7,0,0,1.95,0,0.15,0.09375,2.90625,1,0,1.42857142857143,2,0.571428571428571,0,0,1.52380952380952,2.47619047619048,0,0,4.13793103448276,1.6551724137931,0.206896551724138,0,2.5531914893617,2.42553191489362,0,0.181818181818182,1.73684210526316,1.81818181818182,0.263157894736842,0,2.17283950617284,1.82716049382716,0,0,2.75555555555556,0.755555555555556,0.488888888888889,0,2.3448275862069,1.58620689655172,0.0689655172413793,3,1.33333333333333,0,0.666666666666667,0.3,0.9,2.7,0,0,NA,1,NA,0,2,1.02127659574468,0
Mycobacterium phage Weirdo19,Duplodnaviria,KDJ11_gp22,bacteria,DNA,linear,NC_054433,YP_010050723_22,atggctaaccagatcagcggcctcgacggttacctgttctaccgccgcaaccccgacaacaccgacacccaactcaactcggtgccgatccccgagggcggcgattgggccgacttccgggtgaccggcctcgatgccagcaccgactacaccggccagttcttcgccgccccggtcgacaaggccggcaacgtcggggcgaaggtgccgtttaccctcggcgcgcagacactcgacccgacacccgagcagaatccgatgtcggccgccgacgaggccgcgatcgacgcgatcatggcccagtgccgagctcgcgcctcggggcccggcgtgacgatcgcgatcgtgagcccgcgcggctacctgttcaagagctacggcaacggcaccaccgcccccgatcggcactaccgcatcgcctcacagaccaaaatgtggaccgcccacgcggtgctacaggccatcgacgatgaccggttggcgttcaccgacaccctcgaacagttcgtgcccggcgtgcctaacggcacgatcatcaccatcgagcacttgctcacgatgacctcgggggtgtacgactaccaactcgactcgggtctcgggttcagcttctacatcaacccggcgatggccctgtcggtcgacgacatcattggccggatcaaggccggcgcgccgatgttcccgcccggcggcggctaccactacaccaacagcaactatttcctcctcggccgcgtcctcgaagctgttgactcgcacggccgccgctgcgaccagatcatcgctcaagacgtgctcgccgcggccggcatggtcaacagttcgtttcccaccgcgaccggcgggttgccggccccggcggcgagcctctggcacaacaacgtgatcttgtcggcgatcggcctggcctggccccagaacgtcaccgtccaaaacccggcgatggtatgggcctcgggggccggggtgagccttatcagcgacatgatccagtggggccgcacgatccgcgagggcaccctgctcagcccggcgatgcacgacaagctcctctcgacattccacgagcacccgatggcaccgtggggcctgcacgggcaaagccccgaccactacggctacggctacgggctctatcgggtcggttcctggctcgggcacggtggctcgtggatcggcgcggactcgggcacgatggtcgagcccaccaccggcaccgtcatctcggtattcaccaactaccaggtgcccacggccccctcgatgacgctctattggttcgagctcgccgagtacctgttgccgaactcggcgaaatatcccggctacggcaccggcgacccggtcgagggcggcgcgttctcgacgatgatccccggcatggtgagcaccgccgccgagggccgggtgtacgcccccggcgagttccaaccgctcaccgagctctacaccagcggcgagctcgacgcggtggtcgacaagcccaccccggtcggcgctaccggcgtgtgggtcaagggggttggtgccggcgcgggtggccgccccggcggcccgctcaactccgcgggcggcaccggcggcggcggcggcggcggtttcggcgagttctatatcccgagcagtgccctcgggccgacgtactcggcgagctacggcctggccggcgggcccggcctcgacggcggcgacaccgtattcgcctcgggtgcgatcaccatgcgcgccggcggtggccgggtggccggcaccggcggcgtgtgcacgatgagcggtgttgtcggcgtttccacctacaccggcggcgcggccggcgcggacagtagcggcgtggccggggccggcggtggccgcggcggttccgcgccggggttcgcggtcgtggccggcacaccgggcggggcctcggcgacccgcgccggcggcgaggccccccaaggagcacccggcgggtctcccgtcgatgccgagcccctcaacggcggcgcgggcggcgcgggcggcaacggcaacgccaacggcggcctcggcggcaacggggccctcggcggcgacggcggcaaccggatcgagtggaaagccgcgcccccgtag,0.6,1.92,1.4,0.08,0.32,2.88,0.8,0,0,2.21739130434783,0,0.391304347826087,0,2.89285714285714,1,0.107142857142857,0.736842105263158,2,1.26315789473684,0,0,1.92,2,0.08,0.260869565217391,3.65217391304348,2.08695652173913,0,0.133333333333333,4,1.06666666666667,0.133333333333333,0.2,1.71428571428571,1.8,0.285714285714286,0.0963855421686747,2.12048192771084,1.5421686746988,0.240963855421687,0.032,3.008,0.576,0.384,0.266666666666667,1.51111111111111,1.86666666666667,0.355555555555556,0,1.62962962962963,3,0.37037037037037,0.130434782608696,0.521739130434783,2.60869565217391,0.130434782608696,0,2,1,0,0,1.81818181818182,0.666666666666667,0.181818181818182
Mycobacterium phage Weirdo19,Duplodnaviria,KDJ11_gp23,bacteria,DNA,linear,NC_054433,YP_010050724_23,atgaacaccgaattagccgcgatcaaggcggcactcgacgagcaagacttcgctaccgcgcgggacctggcgaccgcctacgtcaccgcccactccgaggagttcaccgactatcagcggatcgtcgccgaggccgccaccgaggccgaggcgatcgccgcggtcgtcgccgccgtcgaggcattacgggcggccggcctgaccgatcagcaataccgggccgaggcgttccatctgcaccgctggaatccccagaacatcggcggcgagttcgagccctcgatccgcaacgagacctag,0,1.5,2,0.5,0,4,0,0,0,0,0,0,0,3,1,0,0.8,1.33333333333333,1.2,0.666666666666667,0,4,0,0,0,2,4,0,0,1,3,0,0.166666666666667,1.6,1.83333333333333,0.4,0.347826086956522,2.08695652173913,1.39130434782609,0.173913043478261,0,4,0,0,0,4,0,0,0,1.33333333333333,3,0.666666666666667,0,3,3,0,0,NA,1,NA,2,2,0,0
Mycobacterium phage Weirdo19,Duplodnaviria,KDJ11_gp24,bacteria,DNA,linear,NC_054433,YP_010050725_24,atggcgacctacagcatcaccccggccgtcgcgcaaggcatgatcggcggcaccagcacctaccgcgaggccctcgggagctccccgaaaatccgcctctacagtggcaccccgccggccgcggccaaggccgcgctctcgggcaacaccctgttgtgtgaactcagcgccgcggcgaccccgatcgcctcggccgccgacgccggcaacggggtggcgcgggcaacgtgggcggcgatcgcctcggcgacggccgcggcgaccggcatcgctacgttcttccgcaccgtcaccagcggcggcacggtgatcgaccaaggcgacgtcggcaccgccggggcggcgctcaacctgtcgacggtcgcgctgaccgccggctcgacggtctcgctcgccacccgcacgagcgatttgcggtatgagcccgcctga,1,2,1,0,0,2.6,1.4,0,0,2.57142857142857,0,0.428571428571429,0,3,1,0,2,NA,0,NA,0,0.666666666666667,3.33333333333333,0,0,4,2,0,0,3.27272727272727,1.63636363636364,0,0.666666666666667,1.5,1.33333333333333,0.5,0.121212121212121,1.93939393939394,1.81818181818182,0.121212121212121,0,3.2,0.8,0,0,2.85714285714286,1.14285714285714,0,0,1.5,0,0.5,0,0.428571428571429,2.57142857142857,0,3,0,1,2,0,2,1.09090909090909,0
Mycobacterium phage Weirdo19,Duplodnaviria,KDJ11_gp25,bacteria,DNA,linear,NC_054433,YP_010050726_25,atgagcccgcctgacctgttcgcgcactccgggttaaccccgcccggctacggacaacagttccggtatctgcgcatcgagcacgccgacggcacggtgcgcgatcacccctatctgtggttcaccgacgccgagctcgcggcgatgacaccggccgaggtcgaggccgccaagcacgaccgcgacgtcgtgttgtggcggtgggccgaggacctgcaccaccgcggggtgcccggcgatgcggtggtgcggatcgtcgccgagtggatcggcccgctcgggtcgggccccccggccgagcccggccgatga,0,NA,2,NA,1,2,1,0,0,2,0,0,0,3,1,0,1,2,1,0,0,1.81818181818182,1.81818181818182,0.363636363636364,0.75,3,2.25,0,0,1.5,3,0,0,1.5,2,0.5,0,2.66666666666667,1.33333333333333,0,0.4,2.4,1.2,0,0,1.5,2.5,0,0,0.666666666666667,0,1.33333333333333,0,2,2,0,3,NA,1,NA,0.75,2,0.75,0
Mycobacterium phage Weirdo19,Duplodnaviria,KDJ11_gp26,bacteria,DNA,linear,NC_054433,YP_010050727_26,atggccggcgacaaggagagcaccgtggcatggaccggcgacccggtatggctagaggacgtgctgcgcccggcgctcggcgaccggttgcgcacgttgccggggtggcagcaacgcggacacggtgacttcaaggacatccgcggtgtcatgtggcatcacaccggcaactcgcgcgagaccgccgagagcatcgcccgcggccgccccgacctgccggggcccctgtcgaatatccacatcgcccccaacgggatcgtgacgatcgtcgcggtcggcgtgtgctggcacgccggcgtcggcgcgcacccgtggctaccgacgaacaacgccaactggcacatgatcggcgtcgagtgcgcctggccgacgatcgccccgaacggctcctacaacaaggccgaacgctggcccgacgcccagatcgtctcgatgcgcgacaccgccgcggcgttgtcgctgcgcctcggcgtcgaggccaaccgcaacatcggccacaaggattgggccggctccgcacaaggcaagtgggaccccggcaacctcgatatgcggtggttccaatccgaggtggcaaaggacatgcgcggcgagtttgaccgggtggtcaccgagccgccgccggtcgccccgccggccgatccgccgatcctgcccgcgccgggcctgaccgggtggtccgaccgcgaactgtgggaggaaatcctcaagcaacagcgcggccccgagttgcgggggtgggaccaactcggcgagctcaccgtcgtcgactacctggcccgcctcggcgggcagggcgaccgcatcgaggccgagatcgcccgcctcgccgacctcgtcgaggcccggtaa,0,1.81818181818182,2,0.181818181818182,0,2.66666666666667,1.33333333333333,0,0,1.2,0,0,0,3,1,0,1.11111111111111,1.75,0.888888888888889,0.25,0,1.21739130434783,2.78260869565217,0,0,4.63636363636364,1.36363636363636,0,0.521739130434783,2.34782608695652,2.08695652173913,0,0.333333333333333,1.7,1.66666666666667,0.3,0.413793103448276,2.75862068965517,0.827586206896552,0,0.133333333333333,2.8,0.8,0.266666666666667,0.210526315789474,2.52631578947368,1.26315789473684,0,3,2,0,0,0,2.4,2.4,0,0,2,1,0,0,1.33333333333333,1.04347826086957,0.666666666666667
Mycobacterium phage Weirdo19,Duplodnaviria,KDJ11_gp27,bacteria,DNA,linear,NC_054433,YP_010050728_27,atggcgtgggccccgccgagccaggtcggcgaccgcgatcccggtatcccggcggccaaggccgccctcggccgctacagctacggcaagggcctcggcgtcaccgacgaatacaccgccgagctcggcgcggcgctgcggcaattccagacgatcgtgcaccgcgaggtcctcgccgggaagcggcaaccacccgacgtcaacaccgccggcgtgctcgattgggcgaccaaggtgcaactcggcgtggtcgcgcgcgtcgccccgccggccccgccggtgcgcaaacggttcccgttctacgtgttccgcggcaccggcggcgtgatcgggcaggacctcgtaagcctcgtgtgccagggggcggccgacctcgtcgaggaaatcaacccgccgtggtcggcgacgatgggcggtattccggtcggggtggccgggcacatcggcgacccgagcatgtgggccggcacccaagccgccgtcgccgcgacccaagctgattttctggcccgccgccgcctcgacccgacgatcaaggtcggcgtcggcggctactcggccggggcggtcgtggccgcgatcatccggcaatggctgctcgaccagttccccgagaactacttgtgctcgttttcgctcggtgacccgacccgcccgcccggcggcgggttctacggccaaccggccccgtggggccgcggcatcggctcggtgctctacggcgacccccgcgactatcggcattgctggctcacccacgagggcgatatgtacgcccagatccccggcggggtggtcggcgacatcatggatgacgtctacgacgaggtgacccggttcgcgttccgcgagataccggcggccacactgcggatcgtctcgatgatcccgacggtggccgccaaggccgggatcgcgttgccggcggtgttcggcgcgctggccggcgggccggccggcctggcgacgttcgcgttgccgctgttgatccaatccctcggcgggttcgtcggcccgcaccacaacgccgccgagttgaccggcaccgccgcggcggccaaggccgccacgatcgcgctcacgttcctgttccaaggcaccgccccgcatatccgctaccacctcgacccggcatggcccggtgggcccacgttcgtccaactggcaacccaacacgtccgcgactacgcccaacgcgtgctcgtcgcggcctaa,0.25,2,1.75,0,0.173913043478261,2.43478260869565,1.39130434782609,0,0,2.18181818181818,0,0,0.157894736842105,2.68421052631579,1,0.157894736842105,1.33333333333333,1.55555555555556,0.666666666666667,0.444444444444444,0.117647058823529,0.941176470588235,2.94117647058824,0,0,4.17391304347826,1.82608695652174,0,0,3.375,1.6875,0,0.4,1.52380952380952,1.6,0.476190476190476,0.133333333333333,2.33333333333333,1.46666666666667,0.0666666666666667,0,2.72,0.96,0.32,0.111111111111111,2.11111111111111,1.77777777777778,0,3,1.84615384615385,0,0.153846153846154,0,0.545454545454545,3.27272727272727,0,0,2,1,0,0,1.75,0.9375,0.25
Mycobacterium phage Weirdo19,Duplodnaviria,KDJ11_gp28,bacteria,DNA,linear,NC_054433,YP_010050729_28,gtgtccgcatacctcaaggcgatccttgcgttcgtgtcgctgctggtcaccaacattgccgccgacctgaccgccggcggccaaccgtggccgaccgacggcggtgagtgggcccgctggctgctgacgatcaccctcggcacctggctcgtctaccagttgcccaacagcgcgcacccacgcactcctcgggcctag,0,2,2,0,0,2.85714285714286,0.571428571428571,0.571428571428571,0,2,0,0,0,2,NA,1,1,2,1,0,0.8,0.8,1.6,0.8,0,4,2,0,0,1.8,3,0.6,0,2,2,0,0.444444444444444,2.22222222222222,1.33333333333333,0,0,3.2,0,0.8,0,2,2,0,0,2,3,0,0,2,2,0,0,NA,1,NA,0,2,0.6,0
Mycobacterium phage Weirdo19,Duplodnaviria,KDJ11_gp29,bacteria,DNA,linear,NC_054433,YP_010050730_29,ttggcaccgtggcgcggcccgcgacaccggtcgtgggcctccaacggcaacctcgcggcgatcggcgcgctcatcgtgttcgcgacctatgtcgcgttcgaggtattcggcgaggccccggtggcgctggtcaacctgcttggtccgacggtcggcgtgtggttcgcctcggtcgccagcgataaatccaagcgggacaaggagaccgaggccaccgctcaagccgccgaggtcaaggccgacaccgccaacgccaaggctgaccgcctggccgaggccgtcgagcaccccgagctcgccgagcccgagccgccgacgcggggccgcccaccggggcgggcccgcccgcccgcgcggggggacgcggcaccggcgggcggggacaccgaccaggcggggggcctcgatgattga,0.4,2,1.6,0,0,2.85714285714286,1.14285714285714,0,0,1.2,0,0,0,3,NA,0,1,2,1,0,0.307692307692308,0.923076923076923,2.76923076923077,0,0.6,2.4,3,0,0,2.66666666666667,2,0.666666666666667,0,1.33333333333333,2,0.666666666666667,0.285714285714286,2,1.42857142857143,0.285714285714286,0,2.46153846153846,1.23076923076923,0.307692307692308,0.4,2.4,1.2,0,0,0,0,2,0,2.4,2.4,0,3,NA,1,NA,0,2,0.666666666666667,0
Mycobacterium phage Weirdo19,Duplodnaviria,KDJ11_gp30,bacteria,DNA,linear,NC_054433,YP_010050731_30,gtgaccgacctgttctcggtgcggttcggtatcggcgtgctcgtcggtatcgcactgcaacgcgtatgggcctacgccgaggcccggtatcaggaccgccgcgcaccgttgccgggcgggcctcggcgcatcggcggtctcaaccgtgtgtgggtggtcggcgcggtcgcgttcgcggtgttcgcctactcggtcgtggaaacccaacgcctcgccgactgccaagccgagtttggcaaggtcctcgcgcaacgctcggcgatcaccaccgaaaatgatcggctctcgcgggagcaacgcgacctgttggccgacttcgccgagcaggaggcgttgtggctcgctgatctgctcaacccgcccggcgagctcgccgacctcgacaacagccacccggcctaccgctcctatgagcgggcccgcactcgccagttcatcgagaccacggccagcgtgcgggagcgcatcgaggcgatcagcgccgagcaggccgccaacgtcgaggagcgggcgagcaacccgatccccgacccgacatgcgggcggggccggtga,0,1.66666666666667,2,0.333333333333333,0.5,2.5,0.5,0.5,0,2.66666666666667,0,0,0,3,NA,0,1.11111111111111,2,0.888888888888889,0,0,0.888888888888889,2.66666666666667,0.444444444444444,0,3,2.72727272727273,0.272727272727273,0,3.375,1.5,0,0.266666666666667,1.6,1.73333333333333,0.4,0.307692307692308,2.30769230769231,1.23076923076923,0.153846153846154,0,2.33333333333333,0.666666666666667,1,0.266666666666667,1.6,2.13333333333333,0,0,1.2,0,0.8,0,0.666666666666667,2.66666666666667,0,3,2,1,0,0,1.71428571428571,1.125,0.285714285714286
Mycobacterium phage Weirdo19,Duplodnaviria,KDJ11_gp31,bacteria,DNA,linear,NC_054433,YP_010050732_31,gtgaccgggctccggtcggcgacctggccgctgctggcgctgttcgcgtggtggatggcgctcacgatcgcccgcgccctgcacgcccgagcgttcgagctccaatgggtcgccggggtggccgccgcggcgacgtgcgcgttcgccatcggctacctgtggcgctcgatccgcctcacccgccgccaccccccgaggaggttctga,NA,NA,NA,NA,0,2.4,1.6,0,0,0,1.33333333333333,0,0,3,1,0,2,2,0,0,0,1.33333333333333,2.66666666666667,0,0.666666666666667,3.33333333333333,0.666666666666667,0,0,2.66666666666667,3.33333333333333,0,0,NA,2,NA,0,1.86666666666667,2.13333333333333,0,0,1.33333333333333,2.66666666666667,0,0,1.33333333333333,2.66666666666667,0,0,2,0,0,0,0,6,0,3,2,1,0,0,2,0,0
Mycobacterium phage Weirdo19,Duplodnaviria,KDJ11_gp32,bacteria,DNA,linear,NC_054433,YP_010050733_32,atggccgaccttgccggattgccgtggttccaactgaccggccactaccgcggcgtggtgcccgacaccctcgacgtcggcatgagccccgacgcgttccggccgtggggcgaggtggtgctcaccccgctcgtcgccgacaccgccggccgcctcgaccccggcgtgcccgagctacggctcaccgactacaccccgccgatgacggtgctactgacccgcgcggtagctcgcatcgagaccggggtgctgcgcctgccccgcgacaacgccccggccggggagactgacccgccgacccaaggtgacatcgacgagcaacgcaactccgagggggtgccgctgctggcgaactccgcggccctgcaactgcccgagggctcgcggctcgtgtggcgggtcgagttcgggccgatcacgatcctcggcaatacctaccgctacaccgggtttcacttcgaggccccgaccatcaccgaccacgaggcccccgagtgggagccgccgatcgtcgacctcaccacggtcgccaggttcaccccggcaccatga,NA,1.5,NA,0.5,0,3.15789473684211,0.631578947368421,0.210526315789474,0,1.5,0.461538461538462,0,0,3,1,0,2,2,0,0,0.181818181818182,1.27272727272727,2.54545454545455,0,0,3.69230769230769,1.84615384615385,0,0.6,2.4,2.4,0.3,0,2,2,0,0.25,2.5,1,0.25,0.266666666666667,2.13333333333333,1.33333333333333,0.266666666666667,0.266666666666667,1.33333333333333,2.4,0,0,2,0,0,0,3,1.5,0,3,NA,1,NA,0,1.66666666666667,0.3,0.333333333333333
Mycobacterium phage Weirdo19,Duplodnaviria,KDJ11_gp33,bacteria,DNA,linear,NC_054433,YP_010050734_33,gtgggggccggccctcgtcgtgtcggggcccggtggcaggcccacagtgaggccacgatgatcgccgcgacaccgagcgtcgagagggccacggtgccgaggatgagcgcggcgagctcgccgcgggtccagacctcgcacaccgcggcggcggtcatggtgccggggtga,NA,NA,NA,NA,0.8,1.6,1.6,0,0,3,2,1,0,3,1,0,0,2,2,0,0,0,3.2,0.8,0,0,2,2,NA,NA,NA,NA,0,NA,2,NA,0,2,2,0,0,1,3,0,0,2.28571428571429,1.71428571428571,0,0,NA,0,NA,0,0,2,0,3,NA,1,NA,NA,NA,NA,NA
Mycobacterium phage Weirdo19,Duplodnaviria,KDJ11_gp34,bacteria,DNA,linear,NC_054433,YP_010050735_34,gtgagcgggcagcgggtcgacctcggcgaggtcgacgtgttcccgcgggccgaggaggaggcggcccggccccgtgcctacctcggcgacaccgacgccgcgccgccgaacctactgcgacccaacccgctcggcggcctcaccgacggcggcctcgccgaggccgggtggcattttctcggcgtcctcgcacccgacgaccagtag,NA,2,NA,0,0,4,0,0,0,6,0,0,NA,NA,NA,NA,0,0,2,2,0,1.71428571428571,2.28571428571429,0,1.2,0,3.6,1.2,0.666666666666667,4.66666666666667,0.666666666666667,0,0,2,2,0,0.444444444444444,2.66666666666667,0.888888888888889,0,0,3.11111111111111,0.888888888888889,0,0,2.4,1.6,0,0,2,3,0,0,0,0,0,0,NA,1,NA,0,1,0,1
Mycobacterium phage Weirdo19,Duplodnaviria,KDJ11_gp35,bacteria,DNA,linear,NC_054433,YP_010050736_35,atgcggatcaccacggagagaactgagctcgtcgtcgaggtgttcgaggtccccgacgagttgcgctcggcgaccgacgccgaactgttggcggtcgccgagcaccgggcccccgtcgagggccgccgccaggtggtcggcgaccgggtggtcgtcgaccgcggcgaggacgacatcgagctcgccgcggcggcctaccgggaggcgcgggcggccgtcgagcgggccgaggcccgcgccaaggccctcgtcgtcgagaccgccggcgagggcacccgcagcgaggccgaactcgccaaactgttgggcgtcgaccggatgacggtgcgccggtggcgaggcaagttgtga,0.666666666666667,NA,1.33333333333333,NA,0,2.28571428571429,1.14285714285714,0.571428571428571,0.352941176470588,3,0,0,0,3,1,0,0,2,2,0,0,4,0,0,0.352941176470588,2.47058823529412,2.82352941176471,0,0,2.4,1.2,0,0.235294117647059,2,1.76470588235294,0,0,2.73684210526316,1.26315789473684,0,0,4,0,0,0,3,1,0,0,2,0,0,0,0,3,0,3,NA,1,NA,0,2,2.4,0
Mycobacterium phage Weirdo19,Duplodnaviria,KDJ11_gp36,bacteria,DNA,linear,NC_054433,YP_010050737_36,gtgcctgagaccagcggccggcaacgatccggcacatgcaaggtgtgcgaggggccggtgcggtcctatccggtccccgtcgacgacgagggggctacggtcgccgacaatgacaccgaccggtgggcgcacctgaaccccgccgattggatggacaacccccacgcacccgacccacaggagaacagcaccgatgcggatcaccacggagagaactga,0,1.6,2,0.4,0.8,2.4,0.8,0,0,3,0,0,NA,NA,1,NA,1,2,1,0,0.5,2,1,0.5,1.5,0,4.5,0,0,0,6,0,0,1.4,2,0.6,0.666666666666667,1.33333333333333,1.33333333333333,0.666666666666667,0.8,1.6,1.6,0,0,2,2,0,0,0,0,2,0,3,0,0,3,2,1,0,0,NA,0,NA
Mycobacterium phage Weirdo19,Duplodnaviria,KDJ11_gp37,bacteria,DNA,linear,NC_054433,YP_010050738_37,atgacaaccaacaacgccgagggggccggggtgatggcgggcggtgcgctcgccgccgcgctggccgacctcgacctcgacgtcgcgaacacgatcgacacgctcgggtggctcgaccaggacggccccgaggcgctcggtgaggtggtctcggccacgatcgacctcggccgccaggtgcgccgcctgatcgcgatcatgcgccagcaggaggccggcggtgcctga,NA,2,NA,0,0.8,0.8,2.4,0,0,0,0,0,0,3,1,0,0,NA,2,NA,0,4,0,0,0,6,0,0,0,4.66666666666667,1.33333333333333,0,0,2,2,0,0,2.28571428571429,1.71428571428571,0,0,1.6,1.2,1.2,0,1.6,2.4,0,0,NA,0,NA,0,0,6,0,3,NA,1,NA,0,NA,0,NA
Mycobacterium phage Weirdo19,Duplodnaviria,KDJ11_gp38,bacteria,DNA,linear,NC_054433,YP_010050739_38,atgacgactcaacccaccaaggcccgccgcgcgcttacccgcgcgtggtggtcgatcgtggtcggcgcgaccgccgccggcgcgatgttgctcgccgagccgcccgaggccaccgccgcccccggcgtcgggtgccaggaggtgttgtggggatttttcgcctcgcagcgccgcacgatctgcgacggcccgctgttgtccgacggcagttggatgcgcacccgcacgatctggtcgccgcggcggtgggtgccgttgcggtgcaacctgtattcggggtattgctcgggcggatactggcaggagccgagcggcacccaagaggtctacccggtgcgacccgagaccgtattgcccgacgagcccggccacctgttgccggtgtag,0,2,2,0,0,2.54545454545455,1.09090909090909,0.363636363636364,0,0.75,0,0.75,0,3,1,0,0.8,2,1.2,0,0,1.84615384615385,2.15384615384615,0,0.545454545454545,3.81818181818182,1.63636363636364,0,0,0.545454545454545,1.63636363636364,0.545454545454545,0,2,2,0,0,2.66666666666667,1.33333333333333,0,0.666666666666667,2.66666666666667,0.666666666666667,0,0.444444444444444,1.33333333333333,2.22222222222222,0,0,1,3,1,0,0.75,3.75,0,0,2,1,0,0,1,3.27272727272727,1
Mycobacterium phage Weirdo19,Duplodnaviria,KDJ11_gp39,bacteria,DNA,linear,NC_054433,YP_010050740_39,gtgaaactcaccctcacctgggccccggatcacgcgcacacgcggctcgcccgctggcaagtgcgggtgctcgcccgctgggagcgcgaccgccaggccgccgcccgccgggccgaacgcgaccgatga,2,NA,0,NA,0,2.66666666666667,1.33333333333333,0,0,NA,0,NA,NA,NA,NA,NA,1,2,1,0,0,0,4,0,0.6,3.6,1.8,0,0,6,0,0,1,1.33333333333333,1,0.666666666666667,0,3.5,0.5,0,NA,NA,NA,NA,0,0,4,0,0,NA,0,NA,NA,NA,NA,NA,3,NA,1,NA,0,NA,0,NA
Mycobacterium phage Weirdo19,Duplodnaviria,KDJ11_gp40,bacteria,DNA,linear,NC_054433,YP_010050741_40,atgctgtacttcgccaacccgaccaccgtcgccgagccggccatgcgggcgggtctcctcggattcatcgccaccccccgccagggcaaccggcggcccgccggggtgcggtggtgcgccgataacgggtgcttctcggacaagttcgatgagggcaagtggtgggcctggctggtcgccaacgccggcgacgccgcggattgctcgtttgcggtggctcccgatgtcgtcggcgatgcggccgccacgttgcggcgctcgcggccgtggctgggccgtatccgcgagctcggttatcgggtcgcgttcgtcgcccaagacggcatcgaggacaccgaggtcccgtgggatgagttcgacgcgttgtttgttggcggctcgaccgagttcaagctcggcgcggtggccgcctcggtgatccgcgaggccaaggcccgcggcaagtatgtgcacgtcggccgggtcaacagccgcaagcgtttcatgcagttcgccgagctcggcgtcgactcggtcgacggcacattcctcaccttcgccccgcagcagaacatccaccggctgttgacgtgggtgcacgagctcgccggccggcccgaggccgtcgcggtgcacgccgcggccgcccgccgcgaggccgccgccgccaaggcccgcaagctcgaccgcctcgtcgccgcggtccccgtggcggtggccgcctga,0,2,2,0,0.444444444444444,2.66666666666667,0.888888888888889,0,0,0.857142857142857,0,0,0,3,1,0,0.4,2,1.6,0,0,2,2,0,0,2.72727272727273,2.72727272727273,0.545454545454545,0,3.375,1.5,0,0,1.14285714285714,2,0.857142857142857,0,2.90909090909091,1,0.0909090909090909,0.210526315789474,2.94736842105263,0.421052631578947,0.421052631578947,0,2.33333333333333,1.5,0.166666666666667,0,0.666666666666667,0,1.33333333333333,0,0,5.14285714285714,0,3,2,1,0,0,1.69230769230769,1.125,0.307692307692308
Mycobacterium phage Weirdo19,Duplodnaviria,KDJ11_gp41,bacteria,DNA,linear,NC_054433,YP_010050742_41,gtgttctaccgaaaacttgttatgttgagggctcaccacccccccgagacaccgacccgaaagcgagacaccatgaccgccaagcccaaggcccccgcccgcgagaccctcgtcgaggtcgcccgcgcgaacggctggcacgtccgcctccgtgaggaccgccgcgcgagcttcgttcgcggcgcggaatatgtcggggtgagctactccgaggccggccaggtccgctcggcgcaatacaacgtcggcaccggcacctcggccggccgcctggccgcgttcatcggcaccgcggcgcgcgacaaggcggcccgcgtcgccgagtggctcggcgagtga,0.4,2,1.6,0,0.5,3.5,0,0,0,2.4,0.4,0,0,3,1,0,1,2,1,0,0,3.2,0.8,0,1.2,4,0,0.4,0,3,1,1,0.25,2,1.75,0,0,2,1.77777777777778,0.222222222222222,0,3.55555555555556,0.444444444444444,0,0,2.54545454545455,0.727272727272727,0.727272727272727,0,1.5,0,0.5,0,1.2,2.4,0,3,NA,1,NA,0,2,1,0
Mycobacterium phage Weirdo19,Duplodnaviria,KDJ11_gp42,bacteria,DNA,linear,NC_054433,YP_010050743_42,gtgagccgctcgccccggccgctaccgtcggccggggccccacccacccacccccgagcgatccccgacccgaaagcgagccccccgatgcgcactccccgccagatcgagcccccgacccgagccctgccgatgtcactgccggtcgaccttgaggcgttcggcgacggcgcggtcgtctacatcgccgagctcgacctcgtcgacggggccggcggctatatcagtgcgcaccgcaccgaggccggcgcgatcggcaagctcgtcgagttcgccgcccgcctcggcatcaccatcgacgactacggccccaccgggcctggcgtgctcgacgaccaccccgaggtggcgagtcacgcggtgatgcgggtgccgctcgaaccgtag,1,NA,1,NA,0,3.33333333333333,0,0.666666666666667,0,1.71428571428571,0,1.71428571428571,0,3,1,0,0,2,2,0,0.2,1.8,1.8,0.2,1.33333333333333,3.33333333333333,1.33333333333333,0,0.6,3.6,1.2,0.6,0.285714285714286,2,1.71428571428571,0,0,2,2,0,0,3,1,0,0,2,2,0,0,1.33333333333333,3,0.666666666666667,0.857142857142857,0,1.71428571428571,0,0,NA,NA,NA,0,2,0,0
Mycobacterium phage Weirdo19,Duplodnaviria,KDJ11_gp43,bacteria,DNA,linear,NC_054433,YP_010050744_43,atgagcgccgccgcgcaccgccgaccggccggcgacccggcgcaccgcccgccagttagctcaccgccgcgactcctaaccctaaaaactccctgtgagcaaactgggaatgtggttacccctcgcccgaggtcgagtgaaagcgagggcacacaattggtcatccagaaagtgacggggccggcaccgacggcggccccggcggcctggcgggaaccgttgcggcgctatttcgaggtgctggccgcctcgggatacccggcgacaaccttggcgacacgcggcgcgcatttgcgccgcatcgcccgcgaactcggcgtgtcacccggcgcggtaaccggcccgcggctggtcggattctttgctcggcaagaacattgggcccgagaaactcgccgcggctaccgcgcgtcgtgcgtgtcgtttttcacctgggcgcaccgcgagggcctcatcgagtccaatccgagcctcgatctgccctcggtggcggccgcccggcccgccccgcgaccggcccccgatcgggtgtatcgggaggcgttgttggccgcgccgccgcgcgtcatggtgatgttgcgcctggcagccgaggccgggttgcgccgcgccgaggtcgcccgactgcacaccgaggacctcaccgagggcctcgacgggtgggtgctgttggtgcacggcaagggcggcaaggtgcgcaccgtgccgatcaccgacgagctcgccgcgctcgtgggggccggcgcggccgggcacacgccgggggccccgagcaccgggtggctgttccccggcgatgacaacgggcacctgtcgccgcgctatgtcggcaagttgtgcgccgcggcgatgccggccgggtggaccatgcacaagttgcggcaccggtttgccacgcgggcgtttcgcggcacccgcaatttgcgggcggtgcagaccttgctcgggcacgccagcgtggcgacgaccgagatatataccgccgtcgacgacgccgaggtgcgcgcggcgatgctggcggccagcgagcccaccgccgagcgcggcggccggggccggcgggccctcggggtcacctcggcggcgatcgccatggccgcgttgtggctcgggatcaccgatgcggccccgcaacccggcagtgtgagcgatcacacaccggcggccccgccgtggtcgaccgagcggcccggcatgtggccgcacccgcccggcggcgtcgagctcgcggcgtga,0.666666666666667,0.5,1.33333333333333,1.5,0.516129032258065,2.45161290322581,0.645161290322581,0.387096774193548,0,2.28571428571429,0.13953488372093,0.571428571428571,0.428571428571429,2.57142857142857,1,0,1.33333333333333,1.71428571428571,0.666666666666667,0.285714285714286,0.1,1,2.8,0.1,0.697674418604651,3.06976744186047,2.09302325581395,0,0.324324324324324,1.94594594594595,1.45945945945946,0,0.454545454545455,1.16666666666667,1.54545454545455,0.833333333333333,0.117647058823529,2.05882352941176,1.76470588235294,0.0588235294117647,0.210526315789474,2.42105263157895,1.36842105263158,0,0.142857142857143,1.14285714285714,2.42857142857143,0.285714285714286,0,0.666666666666667,0,1.33333333333333,0.571428571428571,0.285714285714286,2.28571428571429,0,3,1.33333333333333,1,0.666666666666667,0,1,2.27027027027027,1
Mycobacterium phage Weirdo19,Duplodnaviria,KDJ11_gp44,bacteria,DNA,linear,NC_054433,YP_010050745_44,atgacacacgcatttgaggcgggagaaattcccccgatccggcttaagcaccggttgagaattgcgcgcgaggaggccggcctcgaacaggtcgagctcgccgagcggatgggcgtttcacgcaacgtaatcagcaacgccgagtcgggacgcacggtcccccgcaaaatcgtctttaacgcctgggcgttggcgacaggggtgccggtgagttggctagaacgcggcgtcggcgacgtgccacccggcgagggcggccccgaggggggcggcgaagtgcgcccggagggattcgaacccccaaccttctgtttaggagcaaggcccgcaaaaccgcagctaactctcgtgccatcgccaggacccgaggccgtcggggggcctcgggtcgaggtgagggccgcatga,1.33333333333333,2,0.666666666666667,0,1.6,0.8,0.8,0.8,0.461538461538462,1.2,0.923076923076923,1.2,0,1.8,1,1.2,0,2,2,0,1,1.75,1,0.25,0,2.76923076923077,1.84615384615385,0,1.33333333333333,2,0,0.666666666666667,0.625,2,1.375,0,1.14285714285714,1.71428571428571,1.14285714285714,0,1.11111111111111,2,0.888888888888889,0,0.285714285714286,1.71428571428571,1.71428571428571,0.285714285714286,0,NA,0,NA,1.2,0,2.4,0,3,0,1,2,0.666666666666667,1,1.33333333333333,1
Mycobacterium phage Weirdo19,Duplodnaviria,KDJ11_gp45,bacteria,DNA,linear,NC_054433,YP_010050746_45,gtgcgtgtgcgcatgattgtcgccatgcctccccctgcacctgacctcacagcgaccgaggccgcccaaaagcacggtctctcaaagcgatcgctccaacacctcgcctcgaccggcaagatcccggcccgcaaggtcggcgcgacctacctcctcgacggcgaggccgtgcgcctctacgccgaggtggttgctgcacgccgccgcctcgacgactacgtgagcgagcgcgcctcgtga,0,NA,2,NA,1,3,0,0,0,1.2,0,0,0,1.5,1,1.5,2,2,0,0,0,0.8,0.8,2.4,0.666666666666667,4.66666666666667,0,0.666666666666667,0,6,0,0,0,2,2,0,0.615384615384615,2.46153846153846,0.615384615384615,0.307692307692308,0,3,0,1,0,1,2.5,0.5,0,2,0,0,1.2,0,3.6,0,3,NA,NA,NA,0,NA,0,NA
Mycobacterium phage Weirdo19,Duplodnaviria,KDJ11_gp46,bacteria,DNA,linear,NC_054433,YP_010050747_46,gtgagcgcggccccctgcccgcgcaccgagcccgaactcctcgactgccctcgcgggtgcgggttcgtcacgatggcggccccctcgctgcggttcgggccctggcggatgcaagcgcacctactcgccggcccgacgtgcccgcggccgatccccggtagcccaaacgccacctaccgcaagggcggctatgtgccgccgttcgcccgataa,0,2,2,0,0,2,2,0,0,4,0,0,0,3,1,0,2,2,0,0,0.307692307692308,1.53846153846154,1.84615384615385,0.307692307692308,0.857142857142857,2.57142857142857,2.57142857142857,0,1.2,3.6,1.2,0,1,2,1,0,0,2.5,1.5,0,0,1.71428571428571,1.71428571428571,0.571428571428571,0,1.33333333333333,2.66666666666667,0,3,1,0,1,0,0,2,0,0,2,1,0,0,2,0,0
Mycobacterium phage Weirdo19,Duplodnaviria,KDJ11_gp47,bacteria,DNA,linear,NC_054433,YP_010050748_47,atgggatgggccgacgaccccgccaaggtgcgcgccgcgcaagaggccgaggaggaggcacgcgagcagatcgcgcgccgcctcgacgccgaggccaacaagcggcttaccccgttcgagcgcaagctcctcggtgtcttggaggacatccgcgacggcctcgctgccccggccgcgggcccggaccccgcgcggctcgggccgatgatgagcggcccggccgtcgacaacctgctcgactcgccccccgaggagctcggcggcgcgatcgaggccgccagctacgcggtacgcgacacattccccgagttggaactcgaccgggcggcgttcgaccggatcgccgaggtcgccatcgaggccgctctccaccacgccgcccagcggcatcaagcgttcgtcggtcaagaagcggccgacgacggggccgccggcggggacaactcccacccgccggcgggccaccccaccaccaccccataa,0,2,2,0,0.8,3.2,0,0,0,3,0,0,0,3,1,0,1.2,1.6,0.8,0.4,0.285714285714286,1.71428571428571,2,0,0,3.5,2.5,0,0,4.15384615384615,0.461538461538462,0.461538461538462,0.25,2,1.75,0,0.121212121212121,2.3030303030303,1.33333333333333,0.242424242424242,0.307692307692308,2.15384615384615,0.923076923076923,0.615384615384615,0.666666666666667,2.66666666666667,0.666666666666667,0,3,2,0,0,0,1.5,1.5,0,0,NA,1,NA,0,2,0.923076923076923,0
Mycobacterium phage Weirdo19,Duplodnaviria,KDJ11_gp48,bacteria,DNA,linear,NC_054433,YP_010050749_48,gtgttcgctacgcaagataacaaccggagcccccaacgggtgccggccgcaccggtacgaggccacgtcgccgaactcatcgccgccggcctaccgcccagcgaaatcgcccgcctcgccggcgtcgagacccgccgcgtgctgacgctcatcaaccccgaccgcaccgaacgcggcaccgcccgcaccggtgacccgagccggcacatgatgagcagtcgcatcgccgcggccctgctcgcgttgccgatccccgagagcatgttcgtcgacgcggtcggcccggtgcgccggctacgggccctcgtgcgcatcggctatccgttcgacatcctcgccaacgtcctcggctacaccgaggacctgttgcgcgagcttgcgtttggcgacccgatcgtgatcgacaccgaactcgccggcctgctggccgacctgttcgaccgctggcacatgacccccggccccagcgacgaggcccgagaactcggccgccgcaaccggttcgccgcgccgctggcgtgggcgatcgacgacgacgacaccgccggcatgatcgacgacccggccgccgagcccgacggcctgcccctgcacaccgatccgcggtggcgcaaggtcggcgacgacttccccgacatcgtcgccgaccaccgcgccctcggccggttcgacgaggaaattgctgccatcctcggactgtcgctcaacacgttcgccaagcgactccacaaccggcgcattcccgagcgtcgccgcggcgacggccgcaccaacgttgttcggcccccgctctacggtgcccgctactcgctgcggctccccgcccgtatgggtgcggcctcgtga,0,2,2,0,0,3.07692307692308,0.923076923076923,0,0,3.6,0,0.6,0,2.6,1,0.4,2,2,0,0,0,2,2,0,0.5,3.33333333333333,1.83333333333333,0.333333333333333,0.387096774193548,2.90322580645161,2.12903225806452,0.193548387096774,0.857142857142857,1.84,1.14285714285714,0.16,0.111111111111111,2.77777777777778,0.888888888888889,0.222222222222222,0.19047619047619,3.23809523809524,0,0.571428571428571,0.25,1.75,1.5,0.5,0,1.5,0,0.5,0,0,1.8,0,3,NA,1,NA,0,1.77777777777778,0.387096774193548,0.222222222222222
Mycobacterium phage Weirdo19,Duplodnaviria,KDJ11_gp49,bacteria,DNA,linear,NC_054433,YP_010050750_49,gtgagcgccgccgcgccggcgtgggtcggctacaccgtgcgccagtgcccggtgtgcaaggccgccgtcgagacccaccgcgagcccgtcgccgacgagcgccgcgaggtggtcgtctatcactggcaccgcgacggcatcggcaaggtgtgcaggatgcgccgcgccgcgctcgcggcggtcgcgttcaccggcatcacgaccgccgaggcggtggcctcgtga,0,NA,2,NA,0,3.2,0.8,0,0,3,0.75,0,0,3,1,0,0,2,2,0,0,1.33333333333333,2.66666666666667,0,0,5.25,0,0,0,6,0,0,0,2,2,0,0,2.13333333333333,1.86666666666667,0,0,4,0,0,0,2,2,0,0,1,0,1,0,0,3,0,3,2,1,0,0,2,0,0
Mycobacterium phage Weirdo19,Duplodnaviria,KDJ11_gp50,bacteria,DNA,linear,NC_054433,YP_010050751_50,gtgaggaaacccggcggcgtcaagttctacaccccacgcgaccccgagttcatcgcgccgggcaccgacgcgtggcggcgtgtcatcacaccgagcaaggtcgccgcgatcctctccgagcccggtgatccggtgagccgctatgagtccccgtttcgactctggcatcgcatgaagggactgaccccgcccgaggccccgcgtgacgcgttcgacctcggccacgacgtcgagcacctcgcggcggcccgctaccgccgcgaccggcccgagtggctcctgtcgcccggcgaggtgcaagcccacgtcgaccccgacaagttcgggtttcccgcgatcgccaccctcgaccggcgcggcgtcatgggtgcgagccgccgggtcgtcgagttcaagatggcccgcaacctcaccgacctcgaaacgtggggcgatgacctcaagggcgatcttcccgacgactacgacgcccagttggtcgcgctcatgctgttcaccgggtggaccaaggtccccgccgagctcctggtggtgggcccctacctcgaacaccgcatctatacgcgcgagttcgacccgtcgttcgcctcgtggatcatcaccaagtgccggcggttctgggagtcgctggccggtgacaccccgcccgagctcgacaacagcaccgcgacctatcagtgcttgcgcgagttgcaccccgacatcgaccgcggcgtcgaggcgatcatccccaccgacgaggcggtcgagttcctcaacgccaaggccgacctcgacgccgctaccgacgcgttcgcgttgcagaagaactacctgcttaagcgcatggagcgcgcccaatatgcggtcgtcgaggtgcccggcggcgagccgatccgcatcgccgagcgccgcaacgccggggcgaacaaaaagccctcgttttggcccgccaagggcctcaccgccgccgacattcccaccacctag,0.266666666666667,2,1.73333333333333,0,0.210526315789474,3.36842105263158,0.421052631578947,0,0,2.18181818181818,0.214285714285714,0,0,2.76923076923077,1,0.230769230769231,0.8,1.66666666666667,1.2,0.333333333333333,0.142857142857143,2.57142857142857,1.28571428571429,0,0.214285714285714,3.85714285714286,1.28571428571429,0.428571428571429,0,3.42857142857143,1.28571428571429,0.428571428571429,0.181818181818182,1.77777777777778,1.81818181818182,0.222222222222222,0,2.11111111111111,1.77777777777778,0.111111111111111,0.2,2.6,0.6,0.6,0,2.8,1.2,0,0,1.11111111111111,3,0.888888888888889,0,1.09090909090909,2.72727272727273,0,0,2,1,0,0,1.57142857142857,0.857142857142857,0.428571428571429
Mycobacterium phage Weirdo19,Duplodnaviria,KDJ11_gp51,bacteria,DNA,linear,NC_054433,YP_010050752_51,atgcccgagaccaccgccgacgaacgcaccaccaccggcccccggatcggccccgacccgacccgagcccaggtgcccgcggtgcacgcgtcgagcgcgctcgcgttgcacgccggccaagccgactggaccgaggaccagcgggtgcaactgcgctcgatgggcctcgaacacgccaccgaggccgacctgcggttgctctaccactactcggcgcgcaccggcctcgacccgttcaccaaacaggtctacatggtctcgcggcgcaccaaagtcaaggtgcgcgttaccagtcccgagaccggcaacgatcgcctcgaagaacgcgacgtcgacaagttcaccgtgcaggtcggtatcgacgggtggcgtgtgatcggcacccgcgccgcgcgccgcgacggggtgcgagtcggccacgatgacgtgctctggcgcggcaaaaacaccgggtggcaagactattgggacaccgacgagggcccgccggtggcgtgcaagtacgtcgtcgagttcgacggggtgcgggtctcggcgacctgcaactacgccgaatacgtccaactcgtccgggttgacgggacgtaccggcccaactccatgtggtcgaagatgcccggcaatcagatcgctaagtgcgccgaggccctcgcctggcgcaaggcgttcccggccgactactcgggtctcgtgctcgaagatgccgcccagtcgcacgaggtgatcgacggcgaggtgatcgaggaaggggccccggtcgccccggccaaggccgccccccgcaaggccgccggcgcggcccgcaacgcccagcgcgccgcgcgggcccgccaacagcaggccgagcccgagccgcccgccccctcgccgcgcgccgaactcatgggcgagctcgacctactgctcaaggccggccaggtcgagcagttcggcgacgtggcgatcgtcgtcgccgagctcggcggcctcgacaccccgccggcggcggccggcgacatcgccgacgacaccctcgcggtggtcgtcgagaagctgcgattgctctccgcgaccgggcggcccctcgacgaggaactcaccgaagtgttcaaccggtgggaactgcgcaccgagggcggatcgtga,0.461538461538462,1.71428571428571,1.53846153846154,0.285714285714286,0,3.83333333333333,0.166666666666667,0,0,0.428571428571429,0,0.428571428571429,0,3,1,0,0.625,2,1.375,0,0,2.08695652173913,1.91304347826087,0,0.5625,3.375,1.875,0.1875,0.214285714285714,4.07142857142857,1.07142857142857,0,0.758620689655172,1.78571428571429,1.24137931034483,0.214285714285714,0,2.61224489795918,1.30612244897959,0.0816326530612245,0.133333333333333,2.66666666666667,0.933333333333333,0.266666666666667,0,1.94285714285714,1.82857142857143,0.228571428571429,0,1.77777777777778,0,0.222222222222222,0,0.857142857142857,4.28571428571429,0,3,2,1,0,0,2,0.642857142857143,0
Mycobacterium phage Weirdo19,Duplodnaviria,KDJ11_gp52,bacteria,DNA,linear,NC_054433,YP_010050753_52,gtgaccggcgagaccgcgttgcgtgagcacctcgccccgctcatgggcggcgcgctgcgctcctcgatcgagcgtggcgtgcgcatcggtgtcgagttcaccgtttcggcgatccagacggtcgccgccgaccacctcaaccggggcgagcccgcgatcgcggccgccctacgcgagaccgccggcgcggttcttgacgccgccgaggctctcctcgcggcccacagtcccccgccggccggtgatgcgccggcgggttcccctcaccctcaaggagaaacacgtggctaa,NA,2,NA,0,0.666666666666667,2.66666666666667,0.666666666666667,0,0,0,0,1.2,0,3,1,0,1,2,1,0,0,1,2,1,0,2.57142857142857,0.857142857142857,2.57142857142857,0.666666666666667,3.33333333333333,0.666666666666667,0.666666666666667,0.25,1.33333333333333,1.75,0.666666666666667,0,2,1.8,0.2,0.363636363636364,2.54545454545455,0,1.09090909090909,0,1.33333333333333,1.33333333333333,1.33333333333333,3,NA,0,NA,0,2.4,2.4,0,0,NA,NA,NA,0,2,0.666666666666667,0
Mycobacterium phage Weirdo19,Duplodnaviria,KDJ11_gp53,bacteria,DNA,linear,NC_054433,YP_010050754_53,gtggctaagcagaccacccccgccgacttttacgtttcgtttggcggcacccacggccaaaccaacgtcgacgaaccgaagctcggccagcaggttgagtacaccgtgttcggcacggtgagctcggtgcgcgagaacatccgcgacgacggcgagacccgcctgactgtcggcatcgacgtcgaggccgcctggcccaagggatcgcgccgcccggacaacgccaaccaaggtgctctcgtcgaccacgagggcaacgtctcggccgaggcggccaacgagcccgccggcgaactcatcgacaccaccggcgacgaggagcccgaggccggcgaggacaacgccgcctcgttctccggttaa,0,2,2,0,0,3.2,0.4,0.4,0,0.857142857142857,0,0,0,3,NA,0,0.8,2,1.2,0,0,2.66666666666667,1.33333333333333,0,0,6,0,0,0,4.5,1.5,0,0.307692307692308,2,1.69230769230769,0,0,3.07692307692308,0.307692307692308,0.615384615384615,0.285714285714286,3.14285714285714,0,0.571428571428571,0,1.81818181818182,1.45454545454545,0.727272727272727,3,2,0,0,0,0.857142857142857,4.28571428571429,0,0,NA,1,NA,0,1,0,1
Mycobacterium phage Weirdo19,Duplodnaviria,KDJ11_gp54,bacteria,DNA,linear,NC_054433,YP_010050755_54,atgaccgagtatcagcgcaaccgccaggccgaggccccccgcggcgaggtcaaggtgcacgcgcacttgcacggcctcgacatcaacgccgccgtcgagctcgacgaggccggcgcgttcggcggcctcccgtgcgagcactgccaggccgcgatcgagtggtcgctcgacaccgacgagtggcagcaccacgccaccaagaatgttcggtgccgcaaccgcagaaccgttgccaccccgccggattggtacaccgggcaggccgtcgaggtcgacgacgaggaggcggtcgacgagaccgccgagaccctcgacctcaccgacgaggcggtcgtctatgacgaggccacccgcctcgccgagccccaccccgtcgaggaccccgccccggccaagccgccgcgggtcgacggcaacccgtatgacaccgagttcgcccgcggcgtcatggccggcctacagcacaagcccacctatcagggcacggtgccggccgacgaggtcgagcgccgccgcctgcgcaaccgcgacgccaaccgggcccgccgggccaaccgccgggcccgcgtcaagaggacccgagcccgctacggcaacggccccgccgcctaa,0,1.77777777777778,2,0.222222222222222,0,3.71428571428571,0.285714285714286,0,0.25,0,0.25,0,0,3,1,0,0,2,2,0,0,1.71428571428571,2.28571428571429,0,0.25,4,1.25,0,0.6,4.2,0.6,0,0,1.875,2,0.125,0,3.31034482758621,0.689655172413793,0,0,3.66666666666667,0.333333333333333,0,0,3,0.5,0.5,3,0.666666666666667,0,1.33333333333333,0,0,6,0,0,2,1,0,0,2,0.6,0
Mycobacterium phage Weirdo19,Duplodnaviria,KDJ11_gp55,bacteria,DNA,linear,NC_054433,YP_010050756_55,gtgatccgcatctacgtcaccgagggtgacaaccgcaaatggacggtgaccgagaccgacggcggcaacggccgcgtgctcgtgagctcgacgtcgcaaggctacgaacgccgggcccgcgccgaggaaatcgcccaccgcatcgccccccgcggcaacgaggccgtcgagctcgtggtgcggtcgcgcaccggcgcgatcctgcaccgcgagacgatccacgacccgagcgaggtggccgagccccggaaggtgatggtcgtcgccaggagcgtcgcgcgggcccgcgagctcgccgccaacctcgggctcctcacccaccggccgcacctcgtcggccggcgcgggttgcagtgggccggccgcggcatcgccgagctcgacgtggtgatcctcgacgagcacatgccggcgttgtcgccacgcgacctggcctcggtgttgccgccgctcaccggcgaggtgtaccggttggagcgggtgcagtga,1,2,1,0,0,2.66666666666667,1.33333333333333,0,0,2.25,0.272727272727273,0,0,3,1,0,0.666666666666667,2,1.33333333333333,0,0.5,1,2.5,0,0,3.54545454545455,2.18181818181818,0,0,3.75,0.75,0,0.266666666666667,2,1.73333333333333,0,0,3.25,0.75,0,0,3.07692307692308,0.615384615384615,0.307692307692308,0,1.26315789473684,2.73684210526316,0,0,2,0,0,0,0,3.75,0,3,NA,1,NA,0,NA,1.5,NA
Mycobacterium phage Weirdo19,Duplodnaviria,KDJ11_gp56,bacteria,DNA,linear,NC_054433,YP_010050757_56,gtgaacgcccccgaactccccggccgcctgttcagcatcggccaggtgctgacactgacgagctcgaacatcgaggcccagcagatgttttgcagctacggcgacctgctcgacgtcctcggctacctgctctccgatgtcccgatggccgaggacatccctgcggcgatcgagcagtgccggcccgcggtgcgccgcgcgcacccgagcctcgcgcacctgaccccgccggccccgctggcccccgataccgaggtgctgacctggctctcggcgatggccgccgcccacggtgagcaactcatgctcaggccgatcatccccccaacaggggaggcctaa,NA,2,NA,0,1.33333333333333,2,0.666666666666667,0,0,3.42857142857143,1.2,0,0,3,1,0,0.4,2,1.6,0,0.307692307692308,1.53846153846154,1.84615384615385,0.307692307692308,0,3.6,1.2,0,0,3,3,0,0.285714285714286,1.2,1.71428571428571,0.8,0,2.4,1.6,0,0,2.66666666666667,0.666666666666667,0.666666666666667,0,1.33333333333333,2.66666666666667,0,3,2,0,0,0,0.857142857142857,1.71428571428571,0,0,2,1,0,0,1,0,1
Mycobacterium phage Weirdo19,Duplodnaviria,KDJ11_gp57,bacteria,DNA,linear,NC_054433,YP_010050758_57,atgcccagcgagaccgtgtttctcgaccccggcaacgagcaccacgtcgcgatcatgggcgacgacgaccgcgcggtgcgggtgaaactcacctgtgaggtcgtcgacggcgaccaccgcctcgtggtcaacgtcgacgagcaggacaccggccgggttgcggtgcgcaccccgagcacggcgaactggcacccgtcgacatga,2,2,0,0,0.666666666666667,2.66666666666667,0.666666666666667,0,0,4,0,0,0,3,1,0,0,2,2,0,0,2,2,0,0,3.6,2.4,0,0,6,0,0,0,2,2,0,0,0,4,0,0,4,0,0,0,1.81818181818182,1.81818181818182,0.363636363636364,0,NA,0,NA,0,0,2,0,3,0,1,2,0,0,0,2
Mycobacterium phage Weirdo19,Duplodnaviria,KDJ11_gp58,bacteria,DNA,linear,NC_054433,YP_010050759_58,atgagtcacctactgcggtgcccggcgtgcgggccgttcggtatccgggcccgccgccgggcccgccgccacaacgaggccgcgctgatcgcgttccatgcccacctcgccgccgagacccgccgcggcgtgggcctaccccaggaggtgaccccgtga,NA,2,NA,0,0,4,0,0,0,0,0,6,0,3,1,0,0,1.5,2,0.5,0,1,3,0,0,4,2,0,2.4,1.2,2.4,0,0,NA,2,NA,0,2.66666666666667,1.33333333333333,0,0,2,1,1,0,0,4,0,0,NA,0,NA,0,0,0,0,3,2,NA,0,0,2,0,0
Mycobacterium phage Weirdo19,Duplodnaviria,KDJ11_gp59,bacteria,DNA,linear,NC_054433,YP_010050760_59,gtgaggttcaagggcgaccgggtcgacgggttcaccgtcggcgagaccatcggccccggtaatgacgggttctatcgccagatcaccgacgtgtggttcgacgagaccgacggccacacctacgtcgaggccgaggtgatcgaggccgccgagcccggccgcaatatccgctactacgggtcggccgaccccgacgagggcccaccgcagacccgcgagcggctaccggatcggatcacgccgcgatga,0,0,2,2,0,3.42857142857143,0.571428571428571,0,0,0,0.666666666666667,0,0,3,NA,0,0,2,2,0,0.571428571428571,1.71428571428571,1.71428571428571,0,0.666666666666667,2.66666666666667,2,0,6,0,0,0,0,1.77777777777778,2,0.222222222222222,0,4,0,0,0,2.4,1.2,0.4,0,2,2,0,0,1.5,0,0.5,0,0,6,0,3,NA,1,NA,0,2,0,0
Mycobacterium phage Weirdo19,Duplodnaviria,KDJ11_gp60,bacteria,DNA,linear,NC_054433,YP_010050761_60,atgagcgccgagccggcgctgttcgactacgacggcgaaccgacccccgaggcccgtgcccgcacgagcgaccccgagaccagccacgccgccgcgggctcgctgaccccggatcggatacgggcctcccaacaggcggtgctggtcgagctcggccggcaccggttcgggctcaccgaccacgaactcgtcgaggcctacaccgacgccgccgaggtgggccgggtgccgatgcagtccccgagcggtatccggtcgcgccgccacgagctcgtcgacgccggcctcgtggtcgacaccggcgctcgaatcaagttggcctcgggccgcaacgcgatcgtgtgggccgtagcgccatga,0,2,2,0,0,3.42857142857143,0.571428571428571,0,0,2.66666666666667,0,0,0.75,2.25,1,0,0.666666666666667,2,1.33333333333333,0,0.5,1,2.5,0,0.5,2,3,0.5,0,3.33333333333333,2,0,0.444444444444444,1.75,1.55555555555556,0.25,0,2.66666666666667,1.11111111111111,0.222222222222222,0,3.11111111111111,0.444444444444444,0.444444444444444,0.4,1.6,2,0,0,2,0,0,0,1.33333333333333,2,0,3,NA,1,NA,0,2,0.666666666666667,0
Mycobacterium phage Weirdo19,Duplodnaviria,KDJ11_gp61,bacteria,DNA,linear,NC_054433,YP_010050762_61,atgggggcctcgcaacggcgctacttccgctacatgaactcggcggcctggcgagcacgacaagcccgctacttcgccacccaccccgagcggtgcgcgttgtgcggttccggcgacgaggtcgagttgcaccatcacacctatcggcggctcggggccgaactcgacgaggacctcaccgcattgtgtgccgcccaccacgccgaggtgcacgactaccaccgggcccacgacgtgacgctcaccgaggccacccgcgcggtcgctgcccggttcggggtgccgatcgtggtgcgccggccccgcaccgaactcacccgcaaggagcagaacaaggcccgcaaagcccgcaaggcgcaacgtattcaggcccagcgtgaggcggcgaggtga,0.5,2,1.5,0,0,3.5,0.5,0,0,0,0.285714285714286,0,0,1.5,1,1.5,1,1.77777777777778,1,0.222222222222222,0,2.66666666666667,1.33333333333333,0,0.571428571428571,2.57142857142857,2,0.571428571428571,0,3.75,0,0,0.4,2,1.6,0,0.347826086956522,2.43478260869565,1.04347826086957,0.173913043478261,0,0.8,2.4,0.8,0,1.14285714285714,2.85714285714286,0,0,1.6,0,0.4,0,2,4,0,3,1.33333333333333,1,0.666666666666667,0,2,2.25,0
Mycobacterium phage Weirdo19,Duplodnaviria,KDJ11_gp62,bacteria,DNA,linear,NC_054433,YP_010050763_62,gtggtgcacccgcacgagctcggggtcatcgcgccacggttcgcgtcgcggccggcggcggtgatcctggcggtactgctcgcctgcctcgctcacctcgccgcctcacgctgggcctga,NA,NA,NA,NA,NA,NA,NA,NA,0,0,0,0,0,3,NA,0,NA,2,NA,0,1.33333333333333,0,2.66666666666667,0,0,2,4,0,0,4,2,0,0,NA,2,NA,0,1.6,2,0.4,0,0,4,0,0.8,0.8,2.4,0,0,NA,0,NA,3,0,3,0,3,2,1,0,0,2,0,0
Mycobacterium phage Weirdo19,Duplodnaviria,KDJ11_gp63,bacteria,DNA,linear,NC_054433,YP_010050764_63,gtgcaccacgcggcgctcacggtgcagtgccggcactgccaccaacccgtcgggcaaccgtgccgccgtctcgacgaactcggccgccccaccgacgagccgctcgtcaagctcccgtgccacccggtgcgggagaccgactcgaaaggacccaagcacctatga,0.666666666666667,NA,1.33333333333333,NA,0,2.66666666666667,1.33333333333333,0,0,0,0,0,NA,NA,NA,NA,1.33333333333333,2,0.666666666666667,0,0,1.71428571428571,2.28571428571429,0,0,2.4,2.4,1.2,1,5,0,0,0.666666666666667,2,1.33333333333333,0,0,0,4,0,1.33333333333333,1.33333333333333,1.33333333333333,0,0,1.6,2.4,0,0,NA,0,NA,0,0,6,0,3,2,NA,0,0,NA,0,NA
Mycobacterium phage Weirdo19,Duplodnaviria,KDJ11_gp64,bacteria,DNA,linear,NC_054433,YP_010050765_64,atgagaacacccgaggacctggccgcccgcgacgccgccctcgacgtcgacgccggccaccccgagctcgatcctcgctcgatccggtgccagtgccggcactcactcagtgctcatcgacagcgcacgatggctgacctcaacgcgccggggataccgaccccgacggtgtgcacgcggtgccggtgccgccgctacaccacgcgcgccggggtgtggacggtgcgcaccgagcaattccgcgacctgtggatcgtccgctcgcccaccggcacccgcgtctactcctcgcacgaccgggccgccgcgttgacgatcgccaacgccctcggtgtcaccgccaggatgctcgtgcgcaccggccgcctcgaacagcacctcctcggcgaccatcccgcgttgcgggccgcccaggagctcgccgcccgtgtccgcgccggcgtgctcaccgaagaacaggcacggcaacacatcacccgcgccctcggccctgtcgggcctcctcacctgaccaccatcaactcgacccccgatagcgaggcctga,NA,2,NA,0,0.210526315789474,2.52631578947368,1.26315789473684,0,0.24,0.75,0.24,0.75,0.5,2.5,1,0,0.571428571428571,1.5,1.42857142857143,0.5,0,1.66666666666667,1,1.33333333333333,0.24,3.36,1.68,0.24,0,4.23529411764706,1.05882352941176,0,0.75,1.6,1.25,0.4,0.166666666666667,3,0.5,0.333333333333333,0,2.4,1.2,0.4,0,2.18181818181818,1.81818181818182,0,0,2,0,0,0.75,0.75,3,0,3,2,1,0,0,2,0.705882352941177,0
Mycobacterium phage Weirdo19,Duplodnaviria,KDJ11_gp65,bacteria,DNA,linear,NC_054433,YP_010050766_65,atgttcaccctgcccccgcacctgcaagccgaactcgaccagcacgaggcccgcgaccgcaacaacgccgacgaggtgatcgccctctaccgggagcactccgaggccgcccacggcggcgagccctcaccgtgcgcccgcaccctcgtcatgctgcgggccctcggaatgaagatcgaccccgccacccacatgccggtgcccgacaaggcgttcgacgtgttcgaggccgcctccctactcgcggccctcgccgagcggctcgtcatcgccgagcgggaaatcgtgcgccggatcgaggccggccagtga,0,2,2,0,0,4,0,0,0,0,0,0,0,3,1,0,0.666666666666667,2,1.33333333333333,0,0,2.28571428571429,1.71428571428571,0,0,2.66666666666667,3.33333333333333,0,0.545454545454545,3.81818181818182,1.63636363636364,0,0.363636363636364,2,1.63636363636364,0,0,3.52941176470588,0.470588235294118,0,1,3,0,0,0,1.33333333333333,2.66666666666667,0,0,2,0,0,2,4,0,0,3,2,NA,0,0,2,0,0
Mycobacterium phage Weirdo19,Duplodnaviria,KDJ11_gp66,bacteria,DNA,linear,NC_054433,YP_010050767_66,gtgagcaccctcgcccagatcgcccccggcgcggccgccctcgccgccgccggcgggatcacgatcctcgaccggtcggccaagtgcgaactctgcggcgagtggaccgacggccaacccgccgtcttgcgtagttggggacggcaacacgcgttcaaaacgcatgacgcgtcccggccctcggtgctcggcctcgatacctcgctgacccgcgccggcatcgcgatcacctcactcgaccggcccctcggcgaccggagcgcgctcgcgtggccgacggtgctcacccaccgcggcgaggccggttcgaaggatgccacctacgacgagcggggccgccgcctcgtgcgccaggccaaggcgatcatgggagtcgtcgacgaggcccgccgcctcggcgcggatatccgcctcgcggtgatcgagggcccgagctacgggcaatcctcgatgcccagctactacgaccgcgccggcctctggtgggccgtggtcaccgcgctacaggcccgcgccgtcccgttcgcggtggtcacccccgaccaccgggccaagttcatctgcggcgtcaagccgccgatgggcaaggaccgcgaccgggccaagaagctgatcgtcgacgagacgagggcccggtggaactaccccgacggccccgagctcgtgcgcgagttcatcccgcggcgcatgaatcacgaccaggccgacgccctcggcctcgccgatatgggagtggtcaaactcgggtggccgaccccctggcagaaacgccgccgccacgtcgaaaacgtccacctcaccacctggccgaaagtggttgtatag,0.666666666666667,1.33333333333333,1.33333333333333,0.666666666666667,0,3,1,0,0,1.84615384615385,0.214285714285714,0.461538461538462,0,3,1,0,0.75,1.71428571428571,1.25,0.285714285714286,0,2.11764705882353,1.88235294117647,0,0,3.42857142857143,2.14285714285714,0.214285714285714,0.260869565217391,4.95652173913043,0.521739130434783,0,0.4,1.57894736842105,1.6,0.421052631578947,0,2.74285714285714,1.25714285714286,0,0.521739130434783,2.78260869565217,0.521739130434783,0.173913043478261,0.173913043478261,1.91304347826087,1.73913043478261,0.173913043478261,0,2,3,0,0.461538461538462,0.923076923076923,2.30769230769231,0,0,2,1,0,0,2,0.260869565217391,0
Mycobacterium phage Weirdo19,Duplodnaviria,KDJ11_gp67,bacteria,DNA,linear,NC_054433,YP_010050768_67,gtgcggctcatcctcggcgaactcgatcaggagtggaaactacgcgcggcgtgccgcggccacccccggcctgacatcttctatcccccgccggcccgcgccgacgccgacatcaagcggtcacactccgagcgccgccgccggatcgtcgtggccgaggccaagagcttgtgccggcggtgcccggtgcgggcgaagttcgaagacacccggttcggtatcccgcccggcggcaccggcgagtgcctggcgttcgccgacgccctcggcgactatcacggcatatggggcggcctgaccgcccgcgagcggggccgaccccgcgacgaacgataa,0.5,NA,1.5,NA,0,4,0,0,0,2,0,0,0.5,2.5,NA,0,0,2,2,0,0,1.77777777777778,1.77777777777778,0.444444444444444,0.631578947368421,2.52631578947368,2.84210526315789,0,0.75,3,1.5,0,0.75,1.75,1.25,0.25,0,2.66666666666667,1.33333333333333,0,0,3.63636363636364,0,0.363636363636364,0,1,3,0,3,0,0,2,2,2,0,0,0,2,1,0,0,2,0.75,0
Mycobacterium phage Weirdo19,Duplodnaviria,KDJ11_gp68,bacteria,DNA,linear,NC_054433,YP_010050769_68,atgagcaccaccgacgcagcgccattccgccaggtcgagattctggtcgacggcgagcgcactcacacattgctagcctcgtggttcgacatcaccgaggacggcgaaacgctaaccctcaacgccacccgctggcgaccggacggcatgatcccacccaacccgctcatcgccgaggttgaatctgcggcgacgtcgccgacggcgtgttcgacgccccccaacgctgccccctgcggcgacgtcgctgacgacgcgtttgacggcgacgaccggtattgcgaactcaccctcgaatatcacgcgtgcgtgctgcccggcgagcacatcgtcggccaggcccacgagtgcgattgcggggtgacgtggtga,NA,2,NA,0,0.307692307692308,1.84615384615385,1.53846153846154,0.307692307692308,0,1.2,0,0,0,2.4,1,0.6,0,2,2,0,0.8,2,1.2,0,1.2,3.6,1.2,0,1.33333333333333,2.66666666666667,1.33333333333333,0,0.8,1.83333333333333,1.2,0.166666666666667,0.285714285714286,1.42857142857143,1.71428571428571,0.571428571428571,0,3.5,0.5,0,0,2.28571428571429,1.14285714285714,0.571428571428571,0,0,0,2,0,0,3.6,1.2,3,1.66666666666667,1,0.333333333333333,0,1.33333333333333,0.666666666666667,0.666666666666667
Mycobacterium phage Weirdo19,Duplodnaviria,KDJ11_gp69,bacteria,DNA,linear,NC_054433,YP_010050770_69,gtggtgaccgaggcgaccatgcgccgtgtgctcgtgcggatcgtcgacaaccgcggatcgtggcaggaggtcggctacaccatcgcgagtgaggcgatccgccgcccggtcacgttccgcacccgcgtcggcggccccgacgccgcgccgagcgaggccaccctcgacgggttggcgctcatcggcgagggcggcaaggagggccacctctcgatcgagccgatcgccaggatgctcggccaacaggtgctcaagatcgcccgcaccgtcgagttgttgtggctgccggtcaccgcgcaccgcaccgacgttgtcgacctgtggacgatcgagtgtgtgccgctggtctcgtggttcaccctgtcgcaacgcaccgacgaggcgatcttgcgcctcgccggcgtcgacgccgacaccggcgagatactgctgccgccaccggagttccggtgccacgcgtgcggcgggcacggccgcgtcgccggggcgagccccgcggccagcgacgcactcacctgcccgttgtgcaacggcacgggggtgcagcgatga,0,2,2,0,0,3.2,0.8,0,0,2.25,0.375,0.75,0.3,2.7,1,0,0.8,2,1.2,0,0.363636363636364,0.727272727272727,2.90909090909091,0,0.375,4.125,0.75,0.375,0,2.52631578947368,1.89473684210526,0,0,2,2,0,0.210526315789474,1.68421052631579,2.10526315789474,0,0.222222222222222,2.88888888888889,0.888888888888889,0,0,2.22222222222222,1.55555555555556,0.222222222222222,0,2,0,0,0,0,3,0,3,1.6,1,0.4,0,2,1.57894736842105,0
Mycobacterium phage Weirdo19,Duplodnaviria,KDJ11_gp70,bacteria,DNA,linear,NC_054433,YP_010050771_70,atggacctcggcgacctggccgccggccggccctcgtgcgggtgctggccggcgatcatgccgcaccccggccaacgcgagatgttcgtcgcccgacggtgcttggcgctggcccgcacgggcgaacagcggccgcggcgggtgcttatgcgcatccccgctcccaaggtcaccatgtggcgcgaggacccgcgcggcggcctcacccgcgtcggggacctcgtcggcggcgagttcacgatcagcgtgcccgacggagaccgcggccaactcgacgcgcgccgccgggtgctgcggcacaccgtgcgggtcgacgtcaccgaggacaccatcgccgagtggcgtgcccgccaggaggagatactcgccggcctggccgatccgccgccgccgccgcaactttcacgcaccgaggtcggcgagttcgtgctgttgtggctcgcgttggccgcaatggtgatcgtgccggccgtcatcatcgccgccgcgctcgggctcctgtga,0,NA,2,NA,0,3,1,0,0,2,0,0,0.375,2.625,1,0,1.2,2,0.8,0,0,1.33333333333333,2.66666666666667,0,0.285714285714286,3.14285714285714,2.28571428571429,0.285714285714286,0,2.52631578947368,1.89473684210526,0.631578947368421,0.2,1.8,1.8,0.2,0.210526315789474,2.52631578947368,1.05263157894737,0.210526315789474,0.266666666666667,2.93333333333333,0.8,0,0,2.13333333333333,1.86666666666667,0,0,NA,0,NA,2,0,2,0,3,2,1,0,0,2,0.947368421052632,0
Mycobacterium phage Weirdo19,Duplodnaviria,KDJ11_gp71,bacteria,DNA,linear,NC_054433,YP_010050772_71,atggacgccgcgatcatcaacgccgcggtcgacgaatacgacgagcgcacctatccgagcgcgccgatcgagccggatagcccgtgcgtgtgcggccactacttcgacgagcacgccaaccgcgccgcgagccgcctcggctgttgcgcgatcgtcgaggtgcacgagcgaaccgtctattgcacgtgcatcgagttcgagctcgacgaggagctatctaacggtgacccgtatgcctag,NA,2,NA,0,0,2.66666666666667,1.33333333333333,0,0,4.5,0,0,0,3,1,0,NA,2,NA,0,0,0,4,0,1.5,4.5,0,0,2,4,0,0,0.2,1.71428571428571,1.8,0.285714285714286,0,2,2,0,0,2.66666666666667,0,1.33333333333333,0,2.4,1.6,0,0,0.8,3,1.2,0,0,0,1.5,0,1.66666666666667,NA,0.333333333333333,0,2,0,0
Mycobacterium phage Weirdo19,Duplodnaviria,KDJ11_gp72,bacteria,DNA,linear,NC_054433,YP_010050773_72,gtgtttgttctcggccggcaaggtcgggccacgatcctcgggtcgaggggagttcggtcctgcggcccaccgccgcccgtcgcctcacgtggtcacaatcagcacaccaccaccgatcactag,NA,0,NA,2,0,3,1,0,0,0,1.2,0,0,3,NA,0,1,2,1,0,1,1,2,0,0,0,3.6,1.2,0,6,0,0,NA,0,NA,2,0,4,0,0,0.666666666666667,1.33333333333333,0.666666666666667,1.33333333333333,0,1,1,2,0,NA,3,NA,2,2,2,0,0,2,NA,0,0,0,0,2
Mycobacterium phage Weirdo19,Duplodnaviria,KDJ11_gp73,bacteria,DNA,linear,NC_054433,YP_010050774_73,gtgggtaaatcgaaaaaggccaaggcccggccgattacggtcgccgaggccgaggcccaactcgcgcgagctcgacgccgcgaggccgccgcggccgccgcggcacctcctcgtgtcaacctcgctaccctcgacacccccgatgtcacccacgccgagcaatacgccgagttcctcaaccggcccggccggttctacctcgcgcacatcatcatccccctcgacaagttcggcctcgacgagaagctcggcgtcggcgcgacattcaaggccgacgaccaacagttgatctacctcgtcgaggtgctgcgccagatccgcggcgcgatcggcgagggatgccgcatcgacctcacccccgccgagccgaacgccgaggagcaccgggtggccggcccgctgccgcgcaagcccaccaccgaggagcaccgcgccgcgcaccgcgaggtggtgcgtcgacacaaggccgagatggcggccgaccgcgtggctcgcggcgatgcgcgcctggccgaggcccgccgccaggccgagaaactcgccacccacaaacgagagtggtgctgcaacaccccgattagcggcccgcaccggccggggtgccagttcgagccccgcgccgacgagcccgtcgactacaccggccccgtcgaggtggccgagcccgcgggcccgtgggccggcgtccaaccacccgatagggaactcacccgcgacgagctcgccgcgatgctgcccggccagacacgcgccgaggccgccgccgaacttggcaaggcccccgaggacatcggcggcaccgtgcgccacgccgacgtgctacccgaggacctcgccgccgagctcggcgtgcccgtcgagtcgctgcgacgcatcgcgatcgctggcggcggctacgcctacaccgtcacccctcaacccgccgagcccgccggccgccatgccgccgcccccgagaccgaatag,0.666666666666667,2,1.33333333333333,0,0.470588235294118,3.29411764705882,0.235294117647059,0,0,2,0.1875,0,0,2.5,1,0.5,1,1.8,1,0.2,0.137931034482759,2.3448275862069,1.10344827586207,0.413793103448276,0.9375,3.5625,0.9375,0.375,0.260869565217391,3.91304347826087,1.30434782608696,0.260869565217391,0.181818181818182,1.625,1.81818181818182,0.375,0.0701754385964912,2.80701754385965,0.842105263157895,0.280701754385965,0.166666666666667,3.5,0.166666666666667,0.166666666666667,0,2,2,0,0,2,3,0,0,0,4,0,0,2,1,0,0,2,0.260869565217391,0
Mycobacterium phage Weirdo19,Duplodnaviria,KDJ11_gp74,bacteria,DNA,linear,NC_054433,YP_010050775_74,atggccccctacacctggcgtaaccgcctcgctgatctgtggtacgacctctgccacccgatcaccacgatcgagcgcaacctctcgcaccgctactgccagcggttcggcctcgtcctggtgcccgtcgaccaatacgagcgcctcacctggtggacccgatga,NA,2,NA,0,0,3.2,0.8,0,0,0,0,0,0,3,1,0,1,2,1,0,0,2.66666666666667,1.33333333333333,0,0.857142857142857,3.42857142857143,0.857142857142857,0.857142857142857,0,4.28571428571429,1.71428571428571,0,0,1.33333333333333,2,0.666666666666667,0,2,0,2,0,4,0,0,0,2.66666666666667,1.33333333333333,0,0,2,0,0,0,0,6,0,3,2,1,0,0,2,0,0
Mycobacterium phage Weirdo19,Duplodnaviria,KDJ11_gp75,bacteria,DNA,linear,NC_054433,YP_010050776_75,gtggacccgatgaaactgcccggcctcgacgtcaaggctctactcgccgacattgatcccggccagttcaaccccgttcgctgttgcgtgtgcacgggcctcgggctccgcgagaccaagggccgcgacctgacgatcgtccgcggctatgcggtgtgcctcgaccacctcggggtcgacgagcacccctcgttgcgcgagtacgtcgaggcgatccgcgccgcgttctcgatcgccgcgtgctccggtgggtgcgggacgcctgttgccggccggggcgatcggtgcggccggccggggtgccggtga,0.666666666666667,2,1.33333333333333,0,0,1,3,0,0,0,0,0,0,2.25,1,0.75,0,2,2,0,0,2.28571428571429,1.14285714285714,0.571428571428571,0,3.6,2.4,0,0.6,3.6,1.2,0,0,1.5,2,0.5,0,1.77777777777778,1.77777777777778,0.444444444444444,0,2.28571428571429,1.42857142857143,0.285714285714286,0,1.77777777777778,1.33333333333333,0.888888888888889,0,1,0,1,0,2,4,0,3,1.75,NA,0.25,0,2,0.6,0
Mycobacterium phage Weirdo19,Duplodnaviria,KDJ11_gp76,bacteria,DNA,linear,NC_054433,YP_010050777_76,gtgcggccggccggggtgccggtgaccggcccagcgacgctctcggtgtgcgcccagcacaccccgcccgaggtcctcgtggccctcgacgacgacggcaccgcgcacctggccaccgacgacctcgcccgtatccgtagcgccgaggccaaccacatcggcctatgccgccgcggccccatccacgcgatcccggtgatcgtcaccccgtga,NA,2,NA,0,0,3.33333333333333,0.666666666666667,0,0,3,0,0,0,3,NA,0,0,2,2,0,0.5,1,2.5,0,0,2.4,1.2,2.4,1,4,1,0,0,2,2,0,0,2.8,1.2,0,0,3.2,0.8,0,0,1,3,0,0,NA,0,NA,0,0,3,0,3,2,NA,0,0,NA,0,NA
Mycobacterium phage Weirdo19,Duplodnaviria,KDJ11_gp77,bacteria,DNA,linear,NC_054433,YP_010050778_77,gtgcaggggcttaccgtcccagttccgtttgggatcgcggaacatttttcgactgcaccaccagcagggggtgccgtcgacgtgccgcagcaacagccgatcccggtgcacttggtggtcgtaaccaaggcccttagcggtcgtcgaccgcggtctcggggttgtattgggcacaccgtgagtgtgggtaggtga,0,NA,2,NA,0,3,0,1,0,1.5,1.2,1.5,0,2,NA,1,0.5,1.33333333333333,1.5,0.666666666666667,1.5,0,2.5,0,1.2,0,2.4,1.2,0,0,0,4,2,2,0,0,1.6,1.6,0.8,0,0,0,2,2,0.363636363636364,1.09090909090909,2.18181818181818,0.363636363636364,0,NA,0,NA,0,0,1.5,1.5,3,0,NA,2,0,0,2,2
Mycobacterium phage Weirdo19,Duplodnaviria,KDJ11_gp78,bacteria,DNA,linear,NC_054433,YP_010050779_78,atgcacggcaccgccggaaatcacgctgaccgcctcatgcacgacatctgcaacaagcaacgaggggacggcacccgtgatgaccagagaccggcactcaatcccgaactcgtcgccgagctcgacgccgcccgaggcggcctcgccgaccttggagacctcggttacttcgactggcctgccggttga,0,0.666666666666667,2,1.33333333333333,0,4,0,0,1.2,NA,0,NA,0,3,1,0,1,2,1,0,0,1.33333333333333,1.33333333333333,1.33333333333333,2.4,1.2,0,1.2,0,5.14285714285714,0,0.857142857142857,1,1.77777777777778,1,0.222222222222222,0.5,3,0,0.5,0.888888888888889,1.77777777777778,0.444444444444444,0.888888888888889,0,4,0,0,0,2,0,0,NA,NA,NA,NA,3,2,1,0,0,2,0,0
Mycobacterium phage Weirdo19,Duplodnaviria,KDJ11_gp79,bacteria,DNA,linear,NC_054433,YP_010050780_79,ttggagacctcggttacttcgactggcctgccggttgattggccgttccccgacctaccccgcccgacctacaccgagaccctgcgacgcgtcgcgacctcgctcgcgggcccgtatccgggaccgaaccgggccgcgatggccggcatcctcgcggtgcactacctccggttgatcgagcaacgcggcggccggttctggctcgacgacaccgaggcggccgaccagtga,NA,2,NA,0,0,3,0,1,0,0,0,0,0,3,1,0,1,2,1,0,0,1,3,0,0.857142857142857,2.57142857142857,2.57142857142857,0,0.666666666666667,2.66666666666667,1.33333333333333,0,0,1.6,2,0.4,0,1.5,2.5,0,0.666666666666667,3.33333333333333,0,0,0,1,1,2,0,1.33333333333333,0,0.666666666666667,0,0,6,0,3,NA,1,NA,0,2,1.33333333333333,0
Mycobacterium phage Weirdo19,Duplodnaviria,KDJ11_gp80,bacteria,DNA,linear,NC_054433,YP_010050781_80,gtgaccgccaacccgctcaccgacaactcgaagtggacggtatcggggccgccgggcctgaccgccgccgacgtgtggatcgaccacgacggccaggcccgccccctcaccgaacgcggccgcgacgccatcgccaccgccgagggcctgcccgtgctgagataccgccgcccgcactggcacctctcgatcccgccgatactcatccccgagcgacccgaggggggccggcaccgcgccgacaccatcggccgccccgcgttcacgatcgccgacgtcgagcggtggcgggcctatatcgacaacgtgcgccgcacccgctaccgcgggcacctcggcacccgtggccgccacgaatgccgctgccgccggtgcgctttcgaccgcgcgttcgccaacgtcgccgccgcggccgagagtttccgcacgatcaccacccccggcggtgactggtga,0,2,2,0,0,3.07692307692308,0.923076923076923,0,0.260869565217391,0,0,1.5,0.333333333333333,2.66666666666667,NA,0,0,2,2,0,0,2,2,0,0.260869565217391,4.17391304347826,1.04347826086957,0.260869565217391,0,3.75,2.25,0,0.571428571428571,2,1.42857142857143,0,0,3.11111111111111,0.666666666666667,0.222222222222222,0,2.76923076923077,0.923076923076923,0.307692307692308,0.571428571428571,1.14285714285714,2.28571428571429,0,0,1.33333333333333,0,0.666666666666667,0,0,4.5,0,3,2,1,0,0,2,0,0
Mycobacterium phage Weirdo19,Duplodnaviria,KDJ11_gp81,bacteria,DNA,linear,NC_054433,YP_010050782_81,gtgatcccgcagatcagcgccgaggagcgcgccgcccggcacgccgcctactacgccggcaagtgcatcatttgccgtgacaaacgccacggcgcggggtggctgcgctgctcgacgtgccaacgcgcctaccgcctcggcgagggcccgtga,1,NA,1,NA,0,0,4,0,0,3,0,0,0,2.25,NA,0.75,1,2,1,0,0,0,4,0,0,4.28571428571429,0.857142857142857,0.857142857142857,0,3,3,0,0,2,2,0,0,3.5,0.5,0,0,3.2,0.8,0,0,0,4,0,0,2,0,0,0,0,3,0,3,2,1,0,0,NA,0,NA
Mycobacterium phage Weirdo19,Duplodnaviria,KDJ11_gp82,bacteria,DNA,linear,NC_054433,YP_010050783_82,gtgactcgccggttcacgatctgcaccgaccccgagacccacatgctcgggggccgctcgtgggagctcgacgttgtggtgcacgccaacgtgagggcgatgcgcgccgcggcccgccgccacgacggccaagccagcatggccggcggcaccctcgcgtgctttcagatcgcccgccgcccccaccgccgcggctacggctacctcggggtggtccggttcgccgccgagcacatcgaggcccagatcgtcatccacgaggccgtgcacgccggcgtcgccctcgcgctcaaactcgccccctcggcaccgaacgccgagcgcatggtcctcgcccctcacgccgacgggcccgccccggtcgacaacgaggagcgcatcgcctacgcgaccaccgagctcgccctcgccctgctcgtcaccctcggcctcggcgacgacaccccaccggacaaaccaacggacgaaaaaccaccccaatag,2,2,0,0,0,2.8,0.8,0.4,0,2,0.428571428571429,0,0,3,1,0,1,2,1,0,1,1.66666666666667,1,0.333333333333333,0,4.71428571428571,0.857142857142857,0,0,5.57142857142857,0.428571428571429,0,0.2,2,1.8,0,0.153846153846154,3.07692307692308,0.769230769230769,0,0,3,1,0,0,1.84615384615385,1.84615384615385,0.307692307692308,0,2,3,0,0,0,4,0,0,2,1,0,0,1.33333333333333,0,0.666666666666667
Mycobacterium phage Weirdo19,Duplodnaviria,KDJ11_gp83,bacteria,DNA,linear,NC_054433,YP_010050784_83,atgtcgccgcccaccatcgcccgcaccgtggtctaccggcaccggtgtcactgcgacaacgccaacaccacgccgggccccggccaggccgatgagcaccggttcgacgtcgacgggcaaccgttcccctggcacatcaccgaggacggcgcgacgttcctgcgcaccgaggcgggcctctacctcgtctcggtgcagatactgccctaccccgtcggcggcgacgacctcgtcgagttccggcaccgcgacggcggcccgccgatgctcggcgaccgcccgttcccgtgggcgatgacgggcacgatgaactactcgatccccgatatcgccaccgaccacccggtgctcgacctcacgttcgtcgccgagcatgtcgacaccgacggcgaggtcggcgcactgtga,NA,2,NA,0,0,2.33333333333333,1.66666666666667,0,0,0,0,0,0.6,2.4,1,0,0.666666666666667,1.71428571428571,1.33333333333333,0.285714285714286,0,1.71428571428571,2.28571428571429,0,0,3,3,0,0,4,2,0,0,1.71428571428571,2,0.285714285714286,0.444444444444444,2.22222222222222,1.33333333333333,0,0,3.69230769230769,0.307692307692308,0,0,2.90909090909091,1.09090909090909,0,0,2,0,0,0,0,6,0,3,1,1,1,0,2,0,0
Mycobacterium phage Weirdo19,Duplodnaviria,KDJ11_gp84,bacteria,DNA,linear,NC_054433,YP_010050785_84,gtgaccgtgttcatcgtgaccggcccaccgggtgccggcaaaacgacgtgggtgcaagccaacgccgacctccacgacgtcgtgatcgacttcgacgccctcaccgccgcgctccgcgtgcgccccggcaccaccgacgaggccccgagctcgctcgtctggcgtgtggcgatggccgcccgcgacgccgcgatccgcaaggccctctcctcgggcggcgaggtcgaggtcacccaccgcggcctcacctacaccctcgactcctacgtgatccattcggtgcccaaccccgaccaggtgcgccgctacctcgaccgcggcgctcgcctcctcgtcgtcgaccccggccgcgacatcgtcgtcgaccgggccaccgccgccggccggttcgaggccgtgcacaacgcgatcgcgaactggtaccaaaccgcccccgagtggctcgaacacgccacccacgtcctaccgatcggagagcgcggtgcctag,1,2,1,0,0,3.38461538461538,0.615384615384615,0,0,1,0,0,0,3,1,0,1.33333333333333,1.66666666666667,0.666666666666667,0.333333333333333,0.444444444444444,2.22222222222222,1.33333333333333,0,0,4.71428571428571,0.857142857142857,0.428571428571429,0.5,5.5,0,0,0.285714285714286,2,1.71428571428571,0,0,2.95652173913043,0.869565217391304,0.173913043478261,0.333333333333333,3,0,0.666666666666667,0,1.8,2.2,0,0,2,3,0,0,2,3,0,0,NA,1,NA,0,2,0,0
Mycobacterium phage Weirdo19,Duplodnaviria,KDJ11_gp85,bacteria,DNA,linear,NC_054433,YP_010050786_85,gtgcctagcctgcctcggttcgtcgacgccgacgagcccgcgacctacatgagcggcaccgggttggtcctcaaggccgagttctcccacacgatcacggtgacgtgcgccgcgtgcaagaacacccggctacgcctcaagctcctcgccgacaccgtgctcaccaccgcctcgtgcaacgccctgctgaccgcccacctcgaccgcctcggctggtctcgcctacgcgacggcggggccgacatctgccccgagtgcgccggcacccacgtcgaggtgtgcgagcagtgccgccagtacggcggcggccacgcccgctcctgccccacccaacgcccgagaggactcaacccgtga,0,2,2,0,0,3,1,0,0.6,2,0,0,0,3,1,0,0.666666666666667,2,1.33333333333333,0,0,1.71428571428571,1.14285714285714,1.14285714285714,0,4.2,1.2,0,0.857142857142857,3.42857142857143,1.28571428571429,0,0,2,2,0,0,3.33333333333333,0.666666666666667,0,0.4,2.8,0.8,0,0,1.71428571428571,2.28571428571429,0,0,2,0,0,0,2,1,1,3,2,1,0,0,2,0.428571428571429,0
Mycobacterium phage Weirdo19,Duplodnaviria,KDJ11_gp86,bacteria,DNA,linear,NC_054433,YP_010050787_86,gtgagcatgttcgactaccgcgtgtcccgcgagctcgccgccaccgacccgccgttctacgcgctcatcatggccgcgatgcgcaaggccgacactcagaacgcggcccgcctacgcgcggtgttccccgaagtgtgggccgagttcgaggcccgctatcacgcggtcggcggcgtcctccccaccgacgaccccgacgccgccctcgatcaccaatgcacatgcggccacgacgtcgacgaccacggtgacggcgttgtccataccgggtgctgcgcactcacccccgccggcatgtgtgagtgcgacgcctacctcaccgccagcgtgcgccgatga,0,2,2,0,0.571428571428571,2.85714285714286,0,0.571428571428571,0,4,0,0,0,3,1,0,1,1.6,1,0.4,0,2.66666666666667,1.33333333333333,0,0.75,5.25,0,0,0.857142857142857,5.14285714285714,0,0,0.4,1.83333333333333,1.6,0.166666666666667,0.222222222222222,2.66666666666667,1.11111111111111,0,0,2.85714285714286,0.571428571428571,0.571428571428571,0,1.6,2,0.4,0,1.5,0,0.5,0,2,0,0,3,1.66666666666667,1,0.333333333333333,0,2,0,0
Mycobacterium phage Weirdo19,Duplodnaviria,KDJ11_gp87,bacteria,DNA,linear,NC_054433,YP_010050788_87,atgaccctcggtatccgcgtccaacgcatcaccgcctacctcctggcctatgtcaccctcgcggccgccgtcggcatcaccctcgacgtgctcctcgccgacctccccgcgtcctggctcctcgccgcgatccccctcgggtggatcgcctaccacctcctcgacgccctcgccatgacccgacccccacggagaccccgatga,NA,NA,NA,NA,0,4,0,0,1,0,0,0,0,3,1,0,2,2,0,0,0.8,3.2,0,0,2,2,1,0,0,5.57142857142857,0.428571428571429,0,NA,2,NA,0,0,3,1,0,0,1.33333333333333,1.33333333333333,1.33333333333333,0,3,1,0,0,1.33333333333333,0,0.666666666666667,0,6,0,0,3,NA,1,NA,0,NA,0,NA
Mycobacterium phage Weirdo19,Duplodnaviria,KDJ11_gp88,bacteria,DNA,linear,NC_054433,YP_010050789_88,atgaccaccaccaccaccccgatcccattccgagccatcgcccgctcgatccggttccgacaccaccccaccctcaccgcctgttgggtatggaccggcccgttccaccccgtcaccggcggcccccgcatcagcaccaccggacatagcgccagacaagacgtgttcgaacgcatcaccggcacccgacccgagggcaacctacggcccacgtgcggcacccccgagtgcgtcaacccccaccacatgcacggcaagcgcaccgccaaccaaaggacccgataa,0,2,2,0,0,3.76470588235294,0.235294117647059,0,0.5,4,0.5,0,0,3,1,0,2,1.71428571428571,0,0.285714285714286,0.4,2.8,0.8,0,2,2,1,0,3,3,0,0,0.666666666666667,2,1.33333333333333,0,0,4,0,0,0.5,3.5,0,0,1,2,1,0,3,NA,0,NA,0,0,2,0,0,1.33333333333333,1,0.666666666666667,0,2,0,0
Mycobacterium phage Weirdo19,Duplodnaviria,KDJ11_gp89,bacteria,DNA,linear,NC_054433,YP_010050790_89,atgggacgcatcaccccccgcaccccacccacccaccaaccccaccccagtagcacgcactaccccacccgagtaacacccgcaacacgcgccgccctacgcgaacgggccctcggctgctgcgaggtgtgcggtgcacctggcgcaaccaatgcccatcatcgagtcaatgcaagccaacgaggccgaggcaccctcggcaacctgctcctcgtctgcggctcgggcaccacgggatgccacggccgcatcaccatgcaccctcaatgggcccgtgagcgcggctacagtgtcggcggcacttacgagccctgcgacgtgccggtcgcccggtggtcgcggttcacgggggcgatcgaggtggtcacacttgacgaccggggcggcgtcaacccgaccgaccggtcgccgggggtgcggtga,NA,1,NA,1,0.75,2.25,0.75,0.25,0,1.71428571428571,0,1.71428571428571,0,3,1,0,2,1.42857142857143,0,0.571428571428571,0.307692307692308,2.15384615384615,0.923076923076923,0.615384615384615,1.41176470588235,2.11764705882353,2.11764705882353,0.352941176470588,0.857142857142857,3.42857142857143,0.857142857142857,0.857142857142857,0.4,2,1.6,0,1.45454545454545,2.18181818181818,0.363636363636364,0,0.444444444444444,2.88888888888889,0.444444444444444,0.222222222222222,0.363636363636364,2.18181818181818,1.45454545454545,0,0,2,0,0,0,0,2.57142857142857,0,3,2,1,0,0,2,0,0
