virus,realm,locus_tag,host,accession,protein_id,coding,AAA,AAC,AAG,AAT,ACA,ACC,ACG,ACT,AGA,AGC,AGG,AGT,ATA,ATC,ATG,ATT,CAA,CAC,CAG,CAT,CCA,CCC,CCG,CCT,CGA,CGC,CGG,CGT,CTA,CTC,CTG,CTT,GAA,GAC,GAG,GAT,GCA,GCC,GCG,GCT,GGA,GGC,GGG,GGT,GTA,GTC,GTG,GTT,TAA,TAC,TAG,TAT,TCA,TCC,TCG,TCT,TGA,TGC,TGG,TGT,TTA,TTC,TTG,TTT
Mycobacterium phage Faith1,Duplodnaviria,SEA_FAITH1_1,bacteria,NC_015584,YP_004538945_1,atgggcggtcgtggcgctccacactctcggaagtacggcgggcgtgatcgttcgtctcggaaagcctctcgggacgcctaccaggcgaaaccgcgtaacgcgatggagtatgcgcagcagctcggcgctaaagagggctgggactactccgagaagctgctagttgacagtccgtctgggactactcggcacatgtacgggacgttcacgaagggtgatgtgtctatcggcgtgcagtacacggataggccgcgcactaagggccgtatctctgatgtggcggttcgtcagaacggcgttcatacgggtgattttttcggtgtgagcaggaaagacaagcgtaaagcgatgaaggaactctttaagaagtacgggtag,5,2,8,0,0,0,4,3,0,1,2,1,0,2,4,0,0,2,5,1,1,0,3,0,0,1,4,7,1,2,1,0,1,4,3,5,0,2,5,2,0,8,4,4,0,0,4,3,0,6,1,1,0,1,1,6,0,0,1,0,0,2,0,2
Mycobacterium phage Faith1,Duplodnaviria,SEA_FAITH1_2,bacteria,NC_015584,YP_004538946_2,atggcaccgcgtaagcgggcaccggctaaaagtgcagttccgccgggtctcgatgaggccggtaccacgctgtggaccagcattaccgctgatagggaacttgacgctgctagtcgagtgcttctagtcaatgcttgccgtattgcggacaggctggatcagctcgataacgagattggtggtcggctgttgtcgtataaccagcggggcgacgaggttatcaacccgcttatctctgagcatcgtcagcagtacacggcgttggcgaacattctgggcaagatggggctgggtgagctgcccaagcctaagactggtgagtcgaagtgggatgagctggcgaagaagcgcgcggagcgtgccgcgaaggctgccgagaaggcgtcttag,1,4,9,1,0,3,2,1,0,1,2,2,0,2,2,4,0,0,4,1,0,1,5,1,1,1,3,4,1,2,7,3,1,3,9,5,3,3,7,6,0,2,1,6,0,1,1,2,0,1,1,1,0,0,2,2,0,1,2,0,0,0,2,0
Mycobacterium phage Faith1,Duplodnaviria,SEA_FAITH1_3,bacteria,NC_015584,YP_004538947_3,gtgccggggatgatgcagtcgattcgttctggccgtggcgttgtttgtcagtgttgcgacgagtggactcccactagggcgtctgagaagcgccaatggatgcgtgaggccgaggatgaacgcgctgaatacgagtacatgcttaagcgcgcgattcttggcgacattgttgattctctagagaaaggtgacggtgatgactaa,1,0,2,0,0,0,0,2,0,0,1,0,0,0,4,3,1,0,2,0,0,1,1,0,0,3,0,3,1,0,0,2,2,4,6,3,0,1,2,1,0,3,1,2,0,0,1,3,1,2,0,0,0,0,1,3,0,1,2,2,0,0,0,0
Mycobacterium phage Faith1,Duplodnaviria,SEA_FAITH1_4,bacteria,NC_015584,YP_004538948_4,atgcctatgacggtctcagagccgttatctcaggaggcagtcgaccaggcgcggcttgaggcgcaagtattcgcagatgttgcggacccttccgagaagtggccggagctttgcggtaatcagaagccgcgtctaagtaactatccgacgttctttacgtcgatggccgatgatggcgtcgattttgttgagacgttcggctacaacctgctgccctggcaagaggcgctgttcaggcactcgctaggcgagacggtagacggcctatggtcggcccgccgggtcggcctaatcgtcgtcaggcagcaaggtaagaccgagctacttgaggctcgggagctgttcggcctattcgagctgaacgagaagattttccacacggcgcagcaggctaagacggcaaccctgtcttggcagacgctccgaaaccggattgagaactatccggacctgtccgacatgtgtatgcggcctaagaacggcggcgaggaaacgtcgattcgtcttaaggccggtaagggctacatggacggtgagcggttcgtccgctacatcgcccggtctcccgactctggccgtggcttccgcgacattgacttggttgtgtgcgacgaggcttacgccttgtctcatgccgaatggggttctctaggcccgactcagcgtgctaaccggaatccgcagacgtggtttacgtcgtcggcaggtaccgaggattccgaaatgctggcgaagcttcgggaccagggcattgctcaggctgatccgaacttgctctttgcggagtggtcgctgcctgagggttcggacccgactgaccgttcgttgtggcctattgctcaggcttcgttgggcgctccgttctgcacgctgcgcaaccttgaggccgagttcatgggaatggacttcgttgagttcgcccgcgagcacatgggtatgtgggatgaccctcgcgttaactccgtgatcccgatggatgcgtgggaagcctgcaagcttgacgatctgcctaatggcgagcagccgcaggtggacgtggagtggacggttgcttgtgtggacgtggctccggaccgggcttgggggtctattgcgctagccggtaagcgtccggatggccggtctcatgttgaggttttggtggccgatgagggcaccaattggattatcccgacgatgcagcggcttatcagttcgagcacgccgcctagggcggtcgctttgcaggctggcgcgcaagctggcgcgttttatgccgagcttgaacagattggctacaaggtccacatgctgacgcctcaggaggttgcagcggccactgcgaagttttatgacgacgttgttagcgggaagctgacgcacttggacgacgaaacgcttgtgcgtggtttggctggggctactaagtatccaatcggaaagattgagcatggcggctggggctggcttcgtaaagggacgaacgtcgatatcactggcattgtcgcgtgttcttacgccaaccggattctgaccctggaatcggctgaggaatccatgactaagaagaagcggtacaggatggtgtaa,1,12,19,4,0,5,19,6,0,2,4,2,0,7,16,12,4,5,18,3,1,2,16,9,1,6,14,8,8,2,15,11,8,23,32,12,5,14,15,18,2,24,4,10,2,11,9,11,1,7,0,5,1,5,12,9,0,4,15,3,1,13,9,6
Mycobacterium phage Faith1,Duplodnaviria,SEA_FAITH1_5,bacteria,NC_015584,YP_004538949_5,atggctattgaacttcccgaggaaatctcggacggtgacgttcggaagttcgttgagaatgagttgtggccggagttcattcggcggcgcgagaagctggacaagatcgctaactgggcgcgcggtgagcagccggattatttgattcagaacgctaaccgggagaagcgggcgctacttaagctcgctaagactccgtggttggggctggtggtcacgcatttcactcaggcgttgtttgtggacggctaccgggctgagggttctaaggagaacgctaagggtccgtggcagacgtggaatgcgaacaacatgcagtctcgtcagattgcgattcaccgggcggcgctgacctatgggtatgcgtatgcgcgtgtgctgccgggtgaggcgtgggacggtaagaatcaggctgagattcgtggtgtgtctccgcgtcgtctgctggctctgtatgaggatcagatcaacgacgagtacccacggtatgcgcttgagcttgccgctaacggtaagtcggtgcggctgtatacggacgagttctattacgagcttaagatgccgtcgccgggcagtttccctaacgagcagacgattaagaaggttcgtcatggcgtcggggtgtgtccgtttgtgcggtacgtgaacatgatggacctggacggcttcactatgggtgaggtcgagtacctggtgccggtggcgtcgaagatcgacaagacggattacgaccgtctgttggcgcagcattacaactcttggaaggtcaaggtcgctactggcattgatgacctgtccgaggacgctactccggaggagcagcagcgcgcgaagttgatcctggctcaggacgacattctgatgcacgggaatgagcacgctaagttttacacgctgccggagacgagcctggatggctttatcgcggcgcatacgcaggacgttgagattcttgctaacaacgctcaggtgccggtgtggattcttaatgggcagcttgccaatctttcggcagacgcgcttacagcggccactaagggcacgatccagaagctttatgagcgtcaggtgacgtttgggtctgcgcataaccagttgcttcggctcgcggcgcatgtcgagggcgatgcggcgggcgcgcgtgacttcacggccagtgtgtcgtggcaggacacgtcggtgcggtcgctggctcaggctgtggacgcttatggcaaggccgcgacgatgctgggtatgcctaaggagttcctgtggggtctgattccgggcattactaagaccgacgttgagacgatgcgcgagcacttcaacgatgacgacgaaatgacgcagatgctgttgtggtggacggctaacggtcctggcggcgagttcgcagccgagattgaggttgatacccagaagcaggtcattgaggcgcagggcgatgttcaaaaggcattgcaggaggctcaggctaaggctcagaaggatttggctaagcagaacgcggaggcgcagcggaagcaggctgtggaggtcgctaaggcgactccggcgcagcctgcgggtggcagcgctccgactgcacgtaagaccagctctacgtccaagcggacgcctaagaagtccggcggggtgaacggtaacgacccggcgagtagggctgcataa,0,19,35,6,1,4,18,9,0,3,1,3,0,7,12,15,1,4,32,6,1,1,17,5,0,4,14,10,1,2,21,12,3,24,37,10,5,6,32,27,0,16,7,14,0,8,18,7,1,8,0,10,0,3,8,6,0,0,12,1,0,10,10,5
Mycobacterium phage Faith1,Duplodnaviria,SEA_FAITH1_6,bacteria,NC_015584,YP_004538950_6,gtggccgaggacgaccaggacgaaagggaggacaaggccactcttccgttgatcgcggttcctgccctggctgcttggtatgcgactcagcatgtcgagcgccaggagcagatcgcggcgacgactacggcggggctggccctgctgtggccgatcattaactttggcgatctggacgggtcaactccggcctggctgcacgcaaccacgctacagattaagacgggctgggatgagtcagccaacgcggcgtttgagtatgtgcagcaggctttgtttgcgaatgagccagacgctacgccacctgttaaggcggcggtgaaatttcccgcgcaggagattcagactgcgatgcgggttcgtggtccggttgaggttaagcgccaagttgcgcgcgctaagcctgagtcggaggcgatggaagccggtaaatcggcctcacaggcagtgggtgccactaaggcgactgacggcggtcgctccgaggttttgcagtttgtgcagcgggaagccccccggcgtctaaagcggggtaaggctatcgggtacgcgcgcaagaccgacaataatccgtgctacttctgcgccatcttggcgtctcaaggggcggtgtactacaaggagactgcgttcgcggattcaagctctaagctccgcgaagttaagtggtctagcaatagagacaagggcgcgaggcgcgcgttcatcggtgacggcccggcgaaggtgcatgacaactgtcaatgcacgatgcgaccggtgttcagtgaaaaagataaatgggatgagcgcgccaagtttttccttgaccagtggatagcgcacggtcacgcgggggttggtccggacggtaagtaccggtcggctgaacagaacttccggcgtaactatgtgtcgccaccaccttacagcgcagatgtgctggatttaagcgagcgccggaagattattgccgacgttcaagagaaccgtgagcggcttctagctcgcgggtttaaggcggattcgccaaacgtcaagtttattgacgattcgattaagagactaagcatcgcttag,4,7,20,4,0,2,6,8,2,5,2,1,1,7,3,7,4,3,14,2,5,2,8,4,1,10,8,4,4,1,7,3,6,15,17,9,3,13,26,9,0,5,6,9,0,2,10,10,0,6,1,3,4,1,6,3,0,3,7,1,1,6,4,8
Mycobacterium phage Faith1,Duplodnaviria,SEA_FAITH1_7,bacteria,NC_015584,YP_004538951_7,atgtctgatattgaccctactgagaacaacgatcctgctgacagcgatccgagcggcgatcctgctgataagagcggcgagagcacgtttaaggcgatcacttcgcaggatgagttcgacaaggctgttgcgcgtcgggtggcgcgtgagcggaagaagtacgaaggctttgaggacttcaaggctaaggctgagcagctagagaagcttgaggctgagaagggttcggatatcgagaagctgactcgtcgtgctgagaaggccgagagtgagctagccaagctgaccgagaagctgactaaggctgagcggaatgagctggtgcgcgatattgcggatgaaatgggtctgcctaagaagctcgctaagcgggttcagggagataccgaggaagatattcgcgcagacattgaggatcttctagagggcttgccaaagagcgaaaagaaggtcgaaaaggacgaggacggcgataagaagaagccgcctgctcagtcccctaaggctcgcatgactttcacgtctactggcgatgagtcggatgacggtttggagcttagtgccgacgacattcttaaggacattccgcgcggcggcggcgcttaa,0,2,26,1,0,2,2,6,0,5,0,2,0,2,3,6,0,0,4,0,1,0,3,6,0,4,4,4,3,1,5,4,5,11,22,15,1,3,4,12,1,9,0,3,0,1,2,2,1,1,0,0,0,1,3,2,0,0,0,0,0,3,2,2
Mycobacterium phage Faith1,Duplodnaviria,SEA_FAITH1_8,bacteria,NC_015584,YP_004538952_8,atggcacacattttcgtgaagccggaacttgtcgctgagattggcgttaagcagctacagcgcgagatcgttctacctggcctggtgtggaccaacccgctgaccaacttcggcggttctaagaacgacacgattaccgtgcgcgttcctgccatcaccacggctaaccggcgagacctgcgcgatacggaccgtacggttatcgcttctgagctggttgagcattcattcggcgtgaccctggataagcacatctatgctgcgcttaagttcacggatgagcagcgcacgctggatatccgcgattacacgcagcaggtgcttgtccctcaggtttcggctgttgcttacgagcttgaggattacattgccgagctgatcgagggtgctccttacgaggaaaccattctgatcgacccatctgatacggtgccgtcgtttatcacggctgatcagcgtatgggtgaggctttcgtgcctacggatggccgtaccctggtggtcggttctgccgtggctgcggctctggctaaggataagcagttccgtcatgccgattggtctggcgatcaggctaactcggctctgcgtgaggcccacgtgggtcgtctggccggtatgaacgtgatccgttcgctggctattgcgccggataaggcttatctgtggcaccggaccgctttcatcctggcttaccggacgccggttgtgcctgagggtgccaaggcgggcgcgtcgttctctgcgaacaacgtggctctgcgttggctggcggactacgactacagccagcttggcgaccggaccctgcttgacgtgttcactggccgcaaggtcgtgacggaggtcgacgggtcgttcgtccgcgctgtggagctacagctaaccgcttcgggtatctcgattgtgggtggcgacttcgcgcttgcgactcggaccggtacgcgtcagcttaaggtccgcgacgacaacggcacggacgtgaccgaccgttgcacgttccagtcggctacggcgagcaacgcgaccgtttcggcctctggcctggtgacgggtgtcgctgccggtacgtcggtgatcacggcgtcttacgttccgcctcagggtggcgcggctaagacggctaccgctacggtcaccgttccttag,0,10,12,0,0,15,21,2,0,2,0,0,0,12,3,7,0,4,14,2,1,0,6,8,1,8,5,10,4,0,19,8,2,14,15,13,1,9,13,26,0,13,1,13,0,9,20,11,0,8,1,2,1,0,11,8,0,1,4,0,0,12,0,1
Mycobacterium phage Faith1,Duplodnaviria,SEA_FAITH1_9,bacteria,NC_015584,YP_004538953_9,atggcgggtctagcgtccattcaggacttgcagaccctcatgtcgcagacgtttgagggcgatgagctagagcaggcccagcttgttctagacatcgtttcctcgtgggcgcgggtggtgtcgggtcgagcgtggcccgacgcccccgccgacgttcctgacgatgtgcgggctgttgtgttgcaggcgtcccgccgggagcttaagaaccctgaccgcgttatctcgcggcagatgggtccgttcaacgtccagtattcccagccaccggacgggttcttttacccggctgaactggcgatccttaagcgctttaagcgttcgggtgggctacagacggtgagcacttctcgcggcgaggaaggacgaccttgggccggtaagacggcctttatccgatacggggacggtttgtttccgttctgtagcgaggacgacgggtacggagacgtggtgccctggtga,0,2,4,0,0,1,3,1,0,2,0,0,0,4,3,1,0,0,10,0,1,3,4,3,3,4,4,1,4,1,1,3,2,11,6,2,0,5,6,2,2,2,4,6,0,1,7,5,0,3,0,1,0,4,5,1,1,0,4,1,0,3,3,5
Mycobacterium phage Faith1,Duplodnaviria,SEA_FAITH1_10,bacteria,NC_015584,YP_004538954_10,gtgaacgatgagactttaacggtttaccggggcgagacggataagtacggcaatccgaataaagaggttcacggcaccgttaagggcatctttgcgtgggggccggggaccagcaccaacaagtttggtcgtaagcagaacttcaagggtgagagttcgagcctgactgctgagctgtatgtgaagcggggcgcggaccttaaggctcgggatcgtatcgagcgcgctaacggcgaggtttacgcggtcgttggtcattcgatgtgggaccagggccacgcctttgatgggttcgacttcggctacatggtttttcaggtggaggcggtgaatgggtaa,1,4,7,3,0,3,2,2,0,2,0,1,0,2,2,0,0,2,3,1,0,0,2,0,0,1,3,2,0,0,2,1,0,3,8,4,0,1,4,3,0,8,4,3,0,1,4,6,1,4,0,1,0,0,2,0,0,0,2,0,1,3,0,4
Mycobacterium phage Faith1,Duplodnaviria,SEA_FAITH1_11,bacteria,NC_015584,YP_004538955_11,atgcctgctgctggtacaacgattgggcacaggcttactgacattcaggttccgaaccctaaccgtggtttggcgcaaattctgcttagtccgaacatggaactgctcatgggcatcatcggccaggaggtcgtgcttgcctatcgggcgggtgtcgctaagcggaccggaaaacttatgtcgtctgccagctcggaaacgatgattggcggtaagaagaatgaccgctgggtttcgcacgtcactattggcggcgagacggctgtgtcgacgtggcacagtccacgtaaccctaatcctggtgacctgttcttttatggcgttcttcatgagcatggcgacggcggtaatccaccttcgggttgggatttccctgcccacaaggacttgaagaaggccctggctgttgttaaggcgaggaacggggcttaa,1,5,7,3,1,1,4,2,0,1,2,2,0,2,5,5,1,4,2,2,2,0,2,6,0,1,2,2,0,1,4,5,2,5,3,1,0,4,3,6,1,8,2,7,0,3,2,5,1,0,0,2,0,0,5,1,0,0,3,0,0,2,2,1
Mycobacterium phage Faith1,Duplodnaviria,SEA_FAITH1_12,bacteria,NC_015584,YP_004538956_12,atggctttggttctgccagattggtacgaagataacttcgtaaacatcgagaacctgtttatcgacattttcacgaaactgctgcctagttatgagtctgggtgctggttgcccgacgactggcttgataatgcggaccctgatccaacgctgtggttcttccggctgccggggggccaggtgaactgggacgcccgtaaggacgagtgccagttgcaggtgatggccgttactgggtcgcgtgacgattcgtggcggctgatgaactttgtccggtcgatcctgctgcctatgcagggggacaagttcaagatggctgacggctatacggcgcagattcgttgcgaccgtgaagtggccgggccgcaattgctgacgccgaatcagcggatagacaaccgcgttgtcacggcgacgttccaggtgtcggtgtcgatgaaaaccgcgaagaactacaagcagttcctttatgccttgtggcatggggtgactggtagtccttag,2,7,5,2,0,1,6,2,0,0,0,2,1,3,6,2,1,0,8,1,2,1,3,4,0,1,4,4,0,0,10,2,2,11,3,5,0,4,4,2,0,2,6,1,1,2,6,3,0,2,1,3,0,0,5,1,0,3,7,0,0,7,5,2
Mycobacterium phage Faith1,Duplodnaviria,SEA_FAITH1_13,bacteria,NC_015584,YP_004538957_13,atggatttttacacgattaaggatgcgcaggccgaccttgcgattgcgccgcttaacctgaccgtgcttctggctccgtatacggtgaccccggcgctaacgcttgagtctgccattgacgggtcgctggaaattcctgctggctacaagtctgtgggccatttccagaagcaggcgggtcttacgctcggtaacgagttcgactcgaaggatattgaggcttacggcgagcctgagccgatccgcacgattatcaacaagcggaccacgacgttcgatttctcgatgtaccagaaccagcgcaacgtgcttgagctgatctggactcaggacttctcggacgttgagccgtctgagttcggtggcattgttctggaagcgccgaaggtgcctaagaacatttactaccgggcgatcctggttggtctggatgaccgtaacgaccgtgaggtctgggtctactggctgatgccgaaggtgaagctggaccggctggataaccagacgctcaatgacgacaacgttattgagtacaagccgacgcttaaggcgttccgtgatgacacggtgggctactcggtggctcagggcttcgcgggaccgggctggcgcgacattgtggctacggctggctttggccgggcgctgaccgctctgacgatcacgcctaacgctccgtctgtgacggtggcgtctggtgcgagccatacggcgcagcttctggttgagggtgacaacggcattaactacacgccggattgcacctttgtgtcgagcgatcccacgaaggcgaccgtttcgacttctggtctggtgaccggcattgcggctgggtctacgaccatcacggctaagaagggcgcgcttgaggctacggccacggtgacggttactgcttag,0,12,14,1,0,8,22,3,0,2,0,0,0,6,3,12,0,0,9,2,0,1,11,4,0,3,4,3,1,2,14,9,2,13,12,9,0,3,16,12,1,12,2,7,0,2,14,7,0,10,1,1,0,0,7,7,0,1,4,0,0,8,0,3
Mycobacterium phage Faith1,Duplodnaviria,SEA_FAITH1_14,bacteria,NC_015584,YP_004538958_14,atggaagaaaacaaggaactgaacgatctggttggttcgctgttcgctgatctgattgcgtcggtgcgggtgccggagccgctacaggttgcgcctggcctggtggttaagaacccgactaagaagcaggctaacgcactgattaaggctacgacggaggaagaggctcagcgcatcatcttcggcgatgactacgaccgcgctatggagctgttcgatcctcagcctgtccaggtgtggaataagttcatggctaagtacaacgagcactttttcggggataaggactcgggaaaagtaatctacgctgcggatattgttgagcggtattggcgtgcgatcagttgggatttccaaacgattctgcacgtcaacccgctcgattacttcgcagcgccgtgccggtgcggccagtgccgcgagaagtacggggacgacgttaacgctcggtatgcgtcacgtcggaactgggatcagttcatcatgtactacgaaactctgctgcaaatccgtggctcttatacgcaggcgatgtatctgcaagaccctgatgtgattgaactacaggctaacgctaaggacgaggattggaaggcttctaagccgccgctgtttgggtggacggctgagctggacgccctgttctacattgccgatcaggtccaggcgggccgggtgcagaaagcggaggactttaagccgtatccacgtccggaacttccggctgagaaggaacgtaagcgccgtaaggagaagaaggttaacgctggccttgaggccgctatggcgcgtgggcttgaaacggctaagtggaactacctgtag,2,11,19,1,0,0,6,2,0,0,0,1,0,6,6,6,3,2,12,0,1,0,10,4,0,4,6,7,2,1,15,3,9,9,13,12,2,3,10,16,1,6,4,1,1,3,6,6,0,9,1,5,1,0,3,2,0,3,7,0,0,9,0,3
Mycobacterium phage Faith1,Duplodnaviria,SEA_FAITH1_15,bacteria,NC_015584,YP_004538959_15,atggaagaaaacaaggaactgaacgatctggttggttcgctgttcgctgatctgattgcgtcggtgcgggtgccggagccgctacaggttgcgcctggcctggtggttaagaacccgactaagaagcaggctaacgcactgattaaggctacgacggaggaagaggctcagcgcatcatcttcggcgatgactacgaccgcgctatggagctgttcgatcctcagcctgtccaggtgtggaataagttcatggctaagtacaacgagcactttttcggggataaggactcgggaaagtaa,0,5,9,1,0,0,2,1,0,0,0,0,0,2,3,2,0,1,5,0,0,0,3,3,0,2,1,0,1,0,7,0,4,3,5,5,1,0,2,6,1,2,1,1,0,1,4,3,1,2,0,0,0,0,3,0,0,0,1,0,0,5,0,1
Mycobacterium phage Faith1,Duplodnaviria,SEA_FAITH1_16,bacteria,NC_015584,YP_004538960_16,gtggctgaatatgttgccgcccaggcgtcggtgcttatggtgccgacgcttgggaagggtgccaatagctttcaccagaagctaagggcgcagctccagacggtgcgagagtctgtcgaggtcaaggttgaggccaatacggctgaaatgttggccgagattcaggctgctagggagtctgtcgagcggcgaccaatccggctgcgggtcgaggtccagaacgtcaagcgtcatatcagcgacctacagcagcaggcacgacgtggtttgacccttaatctcgcggtagccggtatggctcagcttgaccagctcggtttgtcgttggctgcgctgaatacgtcgattgtgcaactgtcacagtcggcgttggtggtgccgggcattatcgccggtctggcgtcgtcgtttggcgctgcgctggtcggtacgcgtggtcttacggatgcgtttaaggcgcacactgcggcgcaaaaggattctgcggatgcggcgcggcagcagcgtgacgctaaccgtgctgtgcgggattcaacgcgtgatcttaataacgcgattcgggatgctcgccggaatcttgaggatttgaacgcgcagctccgtgacgctccgcttgatgaagcggaagccatgatgaatctgcaagaggcgatggccgaggctaacgacaaggttggcaagtcggctttccagatgcagaaggatcagcttgggattcggcgggctgagggtcagcttgcggagaccaggcggcgcaatctgcgactacagcaggacgtagcggaggctaacgctaagggcgttcagggtaacgatgcggtggtcgcggctactgagcggctgactgtggcgcttgaggatgcggcgcgtggcacgtctgcgatgaatgagcttgtcgacgctatgggcaagttgtcgccgaacgctcaggacttcgttaatcgggtccggtcgcttagtggcgcatggatgaatctgcgcacggcggtgcaggaccggctattcgccaatctggggtccgatattcagggcttggccggtacgggcctacctctgcttgaacgtggcttgtcgggcattgcaggggccattaacggcaacctgcggactgcgattgcctcactgggtgatagtcagaaccagggattcctagagcgtatcttcggcaacaccgaggaagcgcagaacttgtttagccgcgcgattgatcctttgatcggtggtctgctgcggctgtcggctgtcggttctgattctctgccgcgcctatcggacgctttcggcgacgtgatgacgcgctttgagaacttcgtgatggcggctgacgctgatggtcgtttggataagtggatcgacaagggccttaacgcgctaaccgacttgggtaacactctgctgaatatcggttcgatcatgaactctgtcagcgaggcgttcaccgggaccggtggccgtggcctgcttgagctgcttagcgatggtagtaagcggctggcggatttccttaagagcgccgaggggcagcagaagcttaaggatttcttttacgaggcgcgtgctgagttccagaagtggcgtccaacgttggagcagattccaggcattcttaagaatgtgcaggatgccgctcagcggtgggctgacatgctacttccgttcctaaacacggcggcgacgctacttaaggaacatcctgggattatccagacggttctctttgcgtggctgggttggcggacgttgcagccgatgatcactggcattaagagtgccttgggtctgatggctggcgctcttgaccttgtgtcgcgggcgttcggcgacggtggttcgggcgctaacgggaaggcgtcgaagttcagcgggcttatggcggttggtggccctatcgctctgggtgtgagcgcggtggcgtcactgctgatgtacgagtacgtgaacgctcagcaggaagccgctgagacgactgcttaccacgctgacatggttgcccgccttcgtggcgaaatggatgcgctgtcggggtcgctgacgcagcagggcttgactgagaagttgggccgggctggtggtttcgttgatcctaacgagacgggcgctaagccgcgtgacctgccggggctggctcaaagtgagttcaatatcagccgggagcagttcgggcaggcgttgacgccgacgaatcaggctgcgcgcgatcaggtcgttaacacgacgcgtcaggcgatccttgacgagctgaactctaagcctctggctgcgtttatcggtgaggacgacgcgaatttccttgatctgctgaataagcagcgtaagccggaagctcagatcacgaatgatgttctggcgcgggcgcttacgggcgattctcaggctcgggagctgttcgagcggtctggtgcttcgttctcgcttagcgatctgctgtacggctatgacaatccgttgtcgtggctgccggggtcgcgtaacgatgacacgccgggtctatctcagcgtgctcgggcgggcgcgaatattagccggttcgtcatggacgacaccaaccatgcgttgcaggttggtgcggaggttcgggcgaacaacgaggctgttacgggccgggcgcagttcaagccgggcgttcctaacccgttcgcggggctgggtagcccaagtccgtattacgagcctggtggtcagggtgcggctggcgtgcgcgtcgatatgccgttccgtgagattcagcggaaccatccggacctggttgagaacattcgtaagaacggtggccggttcgaggagctggctgacggcacggtgattcaccttgacgctgaccgggccgggttgtacttgcagcctgcgcctacggcggctacgggtggtctgctaagtgggccggggacgggtcgtagcgattcgatcctggcgagggtgtctaacggcgagttcatcactcgcgccgatgctgtggctaagtacggccaggacttctttcacgcgcttaacaagggcgagattgatccggctctactgcctggtttcgacggtggtggcctggttgatctgatcctgccgggtgggcctgcgcctgcgcctgcgggaggtagccggttcgatccgaacccgttgccgatcagtgggtttacgcctaagccgctggctccggttccggctgcgccgccgggtgcgtttgacgcgccgacgccgctggacatgttgcctaagcctgcgatgccggacattacgaatcctggtctctacgatccgatgaccggcaagtacggtgctgcgcctgcatcagcgactcagaagccgcttaagcctggtgtcgacggtgataagggtgaggcgagcgggcctaatgtgccgccgactgatcctcgtagccctggctataaccagccgaatcacggtttgggtggttcgcctgggccgggtaacggtatcccgcatttgacgggtgctacgccgggaccgagcacgccgactgtggctggtttggctctgccggggtttgcgcctcaggcgggtatgccgggcagtgttcctaatccagggttgacgcctagcgcgaatgacccgatggggttggctggcctgcctaacgagttgcagccggtgagcatcttgcagcagatcggggagattctgcttagcgcggtgttgggattctttgggattgacccgacgtatttcaatatcggtaagcgaatctttacgggcctgactggcgaggataaggacaggggcaagcctaaggacgccgatccgcaggttcagcagattatcgacggttacccgactgatctgggaacgcagtacccattcgtgggaacgcttaacggcgcttctgcgtctccggctgctcagcgtgccgcgaacatggctgagattatggcgggtaagccttatgtgtggggtggttcgggccttgatggtacggactgttctggtctggtgatgtatgttgccgacgcgctgaacgggaagccgttctctggccgtacgggtggtactggcgggttcgctcagtccattccggctaagggtggcgtgatcattagtgatccgtcgcaagcgccgccggggacttaccggattggctggaatgcttcgcatacggcggcaacgctgcctgatggtcggaatatcgagtcgagcacgtacgggaagccgattgcggttgggtcgggggcttcgggttataacgatccgcagttcacgaactgggcgtacttcccgctgcctagctacgcgagcggagggttcctgagcggtgccggtacgggccgttcggattcgatgctggcgcgggtcagtaacggtgagttcatcacgcgtgcggattcggtggctaagtacggtcggggcttctttgaggcgattaacgcggggcggattgatccgtcgatgctgccgggcttcgcgcctggtggtatgccgttgcctccggtgacgccgttgcctacgcctcagccagctccaccgccgccagttgcgacggctgcgccgcctggtgcgcctactgatccggctgcgcctccaccgcctgatcagcctgttgtccctacggagacggcagagcaggcgcttggtgggcttagcaacgcgttgtctggcactggtgccgggccgagtgggcagatgccgggtgcggctgcgccggaaggcgctacgccgggcattgatccgcgctctgttgcgggccgcgcgccgacgaaccttgaccacaacaaccctgccttgagcaagggtattcagtctgggtttgcgcatgtgggcagcctggttgctacggcagcgtctatgggcgctggtgctgcgggtgctgcggctcctggcgctggtgctgcgggtggcgcggcgggtgctggtattcaggctggcgcgcagattgcggggcaggtcgctagcggcgctgtcaacattctgtcgagcttgctggtgggcacgctgtctggtggttcgtcacctaatgcgtatggcgctccggtgctgcctcagcagccgcagggtagcggtatgggtggaccggctgtggttaacaactacggcgatatccacacggcttcttatgaccagttctatcagggtcagcagaggcgtgaagctcagacgcaggttccattcctgccgatgaagtaa,0,51,49,30,0,8,61,18,0,30,6,12,0,29,37,35,5,8,85,7,11,0,79,46,5,12,38,29,14,6,69,39,12,45,54,52,7,26,111,87,8,68,39,93,2,20,36,28,1,18,0,11,6,2,36,22,0,0,10,1,0,42,38,16
Mycobacterium phage Faith1,Duplodnaviria,SEA_FAITH1_17,bacteria,NC_015584,YP_004538961_17,gtgagcgattacgtcaagattactttgacgggtcgggatggttctacctggtgtttgtcgggcgctggcgcgggtcgagagggtgtcaccctttccccgaatgtccagaatcttattgatgctccggttaagactctgtggacgcccggccctttcggagagcagtacgccggtaagcgtgtgcgtcggcgtgaggtcattttctctgtccaggttgggcatgagggctgggatccagacacgtgggccacggtggattcacggtggcgttgggcgtgggattacgacgaggaatgcacgctaactgtcgagactagcgatggtattagggaacttaagctacggcttctagaggaacctaaggcgtacgggtcgaaagacccattccttacgggcgactgcgaagtgatgatgacgacggtcgctgagttcccgtattgggtgagcgagccggacgttttcatttggaaaacgccgaaccttgcggaccgcacgacggtgtttgttgccaataacggtgacgtgccggtgtggctgcgttggacgtttaccgcgcctggtacgtggacgattcccgatttttcgtgggacaacgacatgtttgcgcgcggcgaaatggatcgcgggcgaacgctggtgctgccggagcttaagcagggcgagcacatcacggttgattcagacccgcgtgtccagacgattgtggccgctaacgattctcctgttcagcacaggtggaagggcaacgacctgctgtacccgctgatgccgggtaagagcggtgagattccggtcgggttcagggctaagaccactgagccgggttcggagaacggcggcgctttcaagctaacggttcctaagtggtattcgcgtccgtggtcgcgtccgcatgtgattcggacggtgtactaa,2,6,11,3,0,4,19,5,0,4,3,0,0,1,5,9,0,2,6,2,2,2,14,5,2,3,5,8,4,0,7,7,5,11,14,11,0,4,6,6,1,10,4,11,0,9,12,7,1,6,0,2,2,1,6,3,0,2,16,1,0,7,2,4
Mycobacterium phage Faith1,Duplodnaviria,SEA_FAITH1_18,bacteria,NC_015584,YP_004538962_18,atgtggcaggacagtgacctttgggaaattgacaagtcttgcgattactaccgtggtcggcacgagtcgatgcggaaggcgcacccgctaatccgtatttggattaacgatccagagaatagtcatggcgctgtctgtgtcgggcggatcgactttacggacaccattaagggttcgttcccatttaagaacaacactgccacgcagggcgtgttgcagattcgagacgatcattacatcgcgctattccttaagcggttgccacaggatgagcgctatcagaagaacgtaatgatcacggtggacttctacggcggcgctaagcgctggtcggggttgctggacaagtggaacattaagaccactgaggacggcgcaaagtattttgagatgacgtttcaggacgacctcacttacttgcagtaccttttgtgcccgcctaatcctttcctaccgatcccggtattccaattcccacgcatgtttatgctagctggccctagcaagtgggctatttcgatgctcattctgcttaacctgctaagggttgagggcaacctttgggagctaccggacgacccgtttgaccctgaggagtgggaccagattctcgattggtccgactggcaggttcacattaagggttcgccgtggctaattgacgattcgtccatgtggacgttcctgtctgcacgtatgaatccggtggacgcggttatcgctgatgcgctggacgattgccagctcacgatgacgtaccgccgggtgctaacggacgatggcgaggtcgcggacggtctgctgggtattgcggacggcacgcgcgttaagaacggcgcgctggtgttcgaggttgtcgataactctaacgcgcacgctttcgatggcacgttcctttcgggcacggtcattgatggtttcgcacggtcgctgatcacgtatggcggcgggtttgttgaggatgtgtttaaccaggtcggggaggactcgacgctgcatccggacgagtattaccagtccggttggttgggcactatcgctaagcagccgtggctagttatccgtgatagcgagtggacgccgattacgtcgtctgacatgtcgtggggtccgtctaagaacgtatccgttgttgtgggtggtgataacccggcggcggacgccattgcaaagctgatcattgagacgactggcgcgcttattgggtatttcctgctagctgggttctccggcttagggagcatcgcggcagacgtgattatgccgttcctggtgggaaccatcgcggcctggctgcaatggaagaacactgggcgggctaacgcgctcggctggatgcactactgggagctgtaccaggccggtgccgagaataactcttggtctctggctgcgcttagcgcgcttcgtggcgggttcctggtgggcaagtcggagacgactcacctagtggcgctgcacgattcctgggctatccctggcctgcatttcgatatcggtcaccggatcggtacgacggtggattcgccgggcgtgcaggacattgtgtgggttaaccaggtcgaggaaatggttgccgagtgggataactccggcgatgggcagccgtacgcgtgggtcattaaggccggtaagtcgcagcggaacatgagcgtcggcgagcggctggcgcggctttcaaagaagttcctagatgcaattaacaacgttggcgttcaccttgttcagggttaa,0,21,22,4,0,3,19,7,0,5,1,2,0,15,15,21,2,9,19,4,4,0,16,5,1,5,11,5,12,5,20,11,2,28,22,21,6,7,19,11,1,25,10,15,3,9,14,14,1,11,0,5,1,7,14,7,0,3,25,1,1,17,6,8
Mycobacterium phage Faith1,Duplodnaviria,SEA_FAITH1_19,bacteria,NC_015584,YP_004538963_19,atgctatcgcagaacgaatgcgacatggagaatccggaacagtttgcggcgtgggcgttcgctgcgggggtacctgaccctcgcggcgagcgttacccgaatcagcctttgattcccgctaagtgtttcaagggcttgtcgcagatgctttgggatttcggttttcgttggcatgaggacaagcagacgaagtgggttagtcctcgcaccgggccgacgcgcaactttgaggcgtggggcactacggatatcaagcctgaggacattatgggcgacgttgcccaaatggcggttgaggagttcccgcagatcgcggcgaaggtggcggcggtgactccggagaagcaccaggaggcgcttgaggaagcgactaaggacttgcttagcaagatcgagcgtcttagcgaggcgcggtcgcgtatggagagccgtttggctgagcgtcaggaccgggaggtaactccggaaacggaggcggttgatggcgggtctgcctag,0,2,9,2,0,1,4,4,0,3,0,1,0,3,6,2,1,1,8,1,0,1,6,5,0,3,2,6,1,0,0,4,4,7,16,3,0,2,14,3,0,5,3,1,2,0,2,4,0,1,1,0,0,0,3,1,0,1,5,1,0,4,4,3
Mycobacterium phage Faith1,Duplodnaviria,SEA_FAITH1_20,bacteria,NC_015584,YP_004538964_20,ttgatggcgggtctgcctagtggtgaagcgggtctagacgatcccaagtatgtaattcagaacaccgtcactgcgctggcgcagcggacgcaggagaacgttgaggctgagcatcgtgcggcggtcgaggcggggggtaatcctctcgccccggcgttgcagttcttctttaacacgatcatgggcggctttcagacgctcggaaatttccttgagcagatcattcaggcgatcactggtgcggctggcggcacgctagccacgcttacggactttatgaccggcgtggttgcggatatcgctaacgcgctggggtggctggctgatctggtggacgatctgtggaataacgcggcgtcggtgatcgggtctatcccgcagacgcttgtgacgggtctacaggctgcgcttaacggcattaacaacacgattcagcaggttattgaaggcatcattggcgctattcgtggtatcccgcttgtgggcgctggtattggcgatctggtggcgatccttacgggttaccgcgagggtgttgagactgaccagattgttcagcagaacctaacgatttcgtctacgagttcggtgcagcggcagcccgcgtggtcgtcgtcttacccgatttcggcggtgacgtatccggcgatcctgcattcagatttcacggtctacgcggatacggtcgggcctgccacggcgggcacagcgcactcgcacgagattcgtgggtcgacggacaacgcttacgcaatcgcgccgttttgggcttgtgagcagaacggcagcttgggcgggttcgtcacggtgtctgaggatacggtgttctccaagttcggcatggtgatcttctcggacacggctccggttcctgccgggacggtctatttcgaggtctaccgggagcagccgggcggcagtttggaccggctgacgcaaacggatatctcggcgaacatcaccaataccagcaagctcttggttttgcagtggacggactttcggatcgttgcgcgccggggtgagcggtacctgctgcggattaagaacacgtcgagtcctaacgttgtgccgcgcttgcgtggtctcgcttggggcactggtgttccggagattcagtgggagacgactactgccgccgatacgaataagacttcgtatacggctgcggaatcggctgcgattatcgctacgtcgggtatcacgccgtggctgatgttggcggctgaggagtcggatattcctgaggctcgcacgtgggctgacgactttaaccgtcctgagctgggctatctgtggaaccacagtaagacggataacggcgatctggttatcactaataacaagctgtcgtatggcgggaccactaacggtttccagcaggctttgtatatccatccgctggctacggacaagtttaagctgacggctgaggtttcaaaccttgctggtacgggccaggtgtatttcatgtgcgcgggtggccgtaacaacaacgtgtcggcggttctagctgtgggcgcgtccggcgtgtctattcagactttgattggtacgacggtgacggtgcgcgcgcaggttcttcggactaataacgcggggaagtacacgtttacgtatgacccggcgtctaagacgtacaacgtgttgcttaacgatcagcctatcgggctgtcatggacggatagcggcaacttgctagataagggtgtccagttccggtatttccagattcagattcagcgcacgaatggcgttaatggggggcaggtagacaattgggtgattcaggacaactaa,0,28,12,10,1,5,43,11,0,3,0,5,0,20,6,21,1,3,32,3,0,2,13,8,0,6,10,6,6,4,19,9,3,14,20,16,1,6,34,22,1,26,12,19,2,8,20,15,1,8,0,10,3,2,17,6,0,1,12,1,0,13,12,8
Mycobacterium phage Faith1,Duplodnaviria,SEA_FAITH1_21,bacteria,NC_015584,YP_004538965_21,atgggtgtttacgtgccggataagggtacggaggccattcctgatgatgttccgcagaagccatctattaaggaaccgattgtttcggcgagtgctgaggttcgtgagcagattgccgaggcaacccttaagcgcgctagggctgagaaaggggggctaagtgtcgcttaa,1,0,4,0,0,1,1,0,0,0,1,2,0,0,1,4,0,0,2,0,1,0,3,1,0,1,0,1,1,0,0,1,1,0,5,3,1,2,1,4,0,0,2,2,0,1,1,4,1,1,0,0,0,0,1,1,0,0,0,0,0,0,0,0
Mycobacterium phage Faith1,Duplodnaviria,SEA_FAITH1_22,bacteria,NC_015584,YP_004538966_22,gtgtcgcttaagaagttcacgcaagacccagatgaggttttggactacacgattgattggtcggagtggctggctgagggtgacacgatcaccgaggttacggctactccggctaccggtatcacggttgattccacttctttcactgttagttctacgaccatctggatttctggtggcactgcgggtcagcgttacgacattagcgtgcatgtggtcactaatggcgggcgtgagggtgaccggtcgatcacgattgagattaaggagaagtag,0,0,4,1,0,3,7,5,0,1,0,1,0,4,0,5,1,0,1,1,1,0,1,0,0,0,1,2,0,0,1,1,0,5,7,3,0,0,1,3,0,2,1,5,0,1,3,4,0,2,1,0,0,1,3,3,0,0,3,0,0,2,1,0
Mycobacterium phage Faith1,Duplodnaviria,SEA_FAITH1_23,bacteria,NC_015584,YP_004538967_23,atgacggtcgggattcacacggtcaacctggcgaataagtggcttggtatccttcggggtacggctttcactgcgccgtctggcatttatattcagctacacaagggcgatcccggcggggctggtacggcgaacctttcggcggtgacgacgcgggcgctggctacgttcgcggctcccgcttcgggtgcaattgcgcttacgggcactaacccttcgtggacaatgacggccacggagacgattacccatatcagcgtgtgggacgcgtcgaccagcggcaactttctgtggtcggcggtgctggctgcgtctaagaatgtgcagtcgggtgacacgttgacgcttactacgtgcgggttgtcgctgggcgctctggcggcgtaa,0,4,3,2,1,2,14,3,0,2,0,0,0,2,2,5,0,2,2,1,0,2,1,1,0,0,2,0,1,0,6,5,0,2,1,1,1,1,12,7,0,6,3,5,0,2,4,0,1,0,0,1,0,0,7,2,0,1,4,0,0,2,2,1
Mycobacterium phage Faith1,Duplodnaviria,SEA_FAITH1_24,bacteria,NC_015584,YP_004538968_24,gtggctatcgcgttcaacgcggccactgttgggagtattaccgcctctgggcggactgcgactgccactcatacggctaacggttctaaccgcgccgtaatcgtaatggtcgtcggtgggtgtgggccgagtaatgaacagccttggggcaatggcgattccgaggctttggcctgcacctacggcgggcagactatgactctgttgggtcatatcggcactaacgcaggcactttcggtggcgtggcgttcttcggtttgcttaacccgcctacgggggtgcagacggtcgcgttctccaaggcgaatgtcacttggtcgctgcgggttgcggctatctcgtataccggggtggcgagcttcggtgctactactgcgacttacgggactggctcaggggctgggctgggaatgactgtccccgctgctgttggcgaggttgtcgtccacgcgtgggtgactcttctgggaacggttactagctgggcggctaccggcggcggcacgcaacggcaggtcgttaacgctgtcgattctggtggcggcgcttacggcgtgttcggtgacgcacctggcgcggcgttggttgcttttagtggcacccgcaccacttccggtgatcagtatgccggggctgcggcccgtctagtgcccgctgagggcggtgaaccggagaatcctggtgagctgacgacgttttcggcgacgggggcttatacgtacaacattccgtcgtgggctacgcatgtcgacgttgttgcgattggtggcggcggtggtggagctggcggcgctaacgtcggcaacggtgacggccagggcggtaacgccggtacgtggcagtcgttgacccttaagcgtggggtggatattccgtctggcgttacgcagattacgggcgtcgtcgggactggcggttcgggcggtgggtccggcaatggctcgggcagcgcgggtaacgcgtctactgcggtggcgagcgggcttagcctttcggcagccgggggatcaggcggctcggggattaactctgctggcggcaaccttacgtatggcaagtcgccgggcaacttgatctttaacggccagacatacaccggtggcgcgcaggccggtgcgtcgaataatccaagcggcactggcgcggcgggtaatccgcccggtggtggtggcgaaggtggcggcggtgccctgttcggcaccggctcgtctggtggtgtcggtggcgctggcagggtgttcttctatgcctatcgggtcggtatcgactacgacggccaggcggatttggcgttggcggtgtctacggaggcgtctgccacgctgcgggctgtagctcaggccgctttggtggtcgacgtggtttcaccggctgcggtttcgcatgggcaggccatagaggcgtctctaagcgtctctgcggacccagacgacgcggcccggtatgacgcgctgggtagtaccgatttgttccttgacgtggctttcacggcttctggcatgaaaaccctgaatggaattgcggtgctgtcgctggcggcggatacgtgggcagatgtgacggagttcagcgtggctgatgcggccctgcctgtggtcgctgagttgtcggcggatatgtcgcagttgcaggggattagcggcctactggcggtcgatgtttcacctatcggcgaaatgtcgcagggccaggacgtgggcgctggacttgaggccatcgtgtcgcctacggcagccgcgctttacgagggcgcagtgcgggcgaacttggtggttaacgccacgttcgtcgcggtcggggagcgggacgctccggttgatgccgacctgcctgtggtggcggtcggcacggctgaggtttcttcggggccggtcgctggctcagggctggccgtggtggtgacgactacggcggcgatgcggcgcacgcagtacgtagaggccgacctttcgcttagcgcgcttacggacggcgagttgtccgcgagttacgggattgatgccgttttggagctggtcgctaacgcgtcggcgtatttcggatcggtccgtgaaattgtggtggtgcctttccatgaccggcacgcggttgtgcctgaaaatccacgcttagtggaggttaagggcgagctgcgcctaattaaggctgacggcgattaccgcttagtcggtgttaccgaggttgagcgtgtggccgtggttggtgattcggataggtccgtggtggtggccgctgccgataggtgggttcaggtcgcgccggtacctaagacggcggcggtgagctaa,1,18,6,10,1,12,27,21,0,11,3,5,1,8,7,11,1,2,19,5,3,3,11,11,0,6,10,4,4,0,17,12,6,18,20,17,6,27,53,35,7,60,24,35,5,27,38,23,1,10,0,8,5,6,23,13,0,1,8,1,2,16,15,3
Mycobacterium phage Faith1,Duplodnaviria,SEA_FAITH1_25,bacteria,NC_015584,YP_004538969_25,atgattatggatcacgcgggggagccggaggttcgctgcgttgcctgcggcgaccgcagtgttgaccatcccactttcaagcacagggtttggaattggctggcggcttccgaggctttcgtgcggtttcacctagggcgggtgctctag,0,0,1,1,0,0,0,1,0,0,1,1,0,0,2,1,0,3,0,1,0,1,1,0,0,2,2,0,1,1,1,0,0,2,3,1,0,1,2,2,0,1,2,0,0,0,2,4,0,0,1,0,0,1,0,0,0,2,2,0,0,2,0,1
Mycobacterium phage Faith1,Duplodnaviria,SEA_FAITH1_26,bacteria,NC_015584,YP_004538970_26,gtgaagcacgaagctgtattgagcacgatccccatgtcgcggggatcaggatttaagtacgaattgcgcggtaagccgggcgactattggccggagtcgggcaccgcttacgtggtgttctacgagtcgacgggcgcggtgatcgcaacccttgaggggacggttaagccggagctgttgctgtttgaggctgagccgacagagattgagttcattccgcatggtgcggggtttgagctgttcgttacgccggatgagaccggtgtgccggtgatggttcggtatgggacggttacgcggcgggaggttcggtttccggatgcgcctgctacggacgtgtcggatacggcgcttctgtatgtggacgatatgcagcggacgatccttgggcctaggtggcgcaaggtcggcggtaaggccgcgatttacgacgattggatttcgcttcatcctaagcgggctatcggtccggatttcgtgttcttcgaccgggcggctgtgttgtggttcgctccgctgaatctcgattcggtgacggtgaacgtcaatatcgttaacgcgggtgccggtaagtcaacggtggtgttggcgtcggactacaacatgacttcatggcttggggtccagttcgagacgggcgtttctaacaacaagtggcacatcgtggttgggcattcgcctcagggcgacgactacgaggttaaggccagtgtcgatgcgaactcggataacggcaataacgcgctaatcaagtttaaccatgctgcgcggcagattacggcgttccggaataacgggactacgccgcttttgacgtggaccgatgagtctgagtcgttgcctattggtgacggcttccgctatacgggcttctcttggatttcgtctctggctgctcgcggtgtgtgtttctacgactggtgggctaaggacggtgtttaa,0,10,12,4,1,4,16,2,0,1,1,1,0,7,4,7,0,2,4,4,0,1,11,5,0,4,10,0,1,1,6,6,2,11,15,10,1,3,12,11,2,9,7,10,1,4,16,10,1,7,0,4,3,0,11,4,0,0,10,1,0,12,7,5
Mycobacterium phage Faith1,Duplodnaviria,SEA_FAITH1_27,bacteria,NC_015584,YP_004538971_27,atggcttttgttagcaggtatggaaactggtattcggagaacggttggcgcatgtgtgacgccaacgagcttgaccggggagcggtgcctggcacgacgctggtactgcctatccggaagggtattgccaacctgatccttaaggcgtgggtcgcgtggtttcaccgcaatgttgagtcgttgaataacgctcgcggtttcagtgacgagggcgcgtggacgcctaccaatgacgtggcgaactctaatcacctatccggtacggctgtcgaccttaactggtcggaccatgcgtttcgggtgtcgtattcggggttcactcaggcggagattaacaaggtccgcgagggcctaaggctgtttgaggggacgatctggtggggccaggattggacttcacctaaagacccgatgcacttccagcttaactacggcgagggtgacgcgcggaacgcggctttcgccacgaagttgcagaacggatatctcggtatctggtctggcggtggtggcgttatcgaacctccggctggcgtggatgacatttatgcgcaggagggcgactcgggggaccgggttaagcgattgcagcagttctttaacgacaacttcaagagctattcgcagcttgaggtcgacggcgatttcgggccagcgactaaggctgtggttgtcgagtttcagaagcgggttggcgttctggctgacggaatcgtcgggcctatcacgctggccgcgatggtgaagcacggctttaagactgagagtggggtaaaggtggcgaatctgcctgaggattggacggaccgccaggttcttaacgatatctgggagcagttgcgcgggccggacggtaagggctgggagcagcttggaaagaacgctaagggcgagaatctttcactggtcgacgcggttgccgaggttaagaagcgtctagaggcggcctaa,1,15,16,6,0,1,8,4,0,2,2,2,0,8,4,3,0,4,12,1,1,0,3,7,1,6,6,1,3,1,8,8,1,17,18,5,0,6,15,8,5,14,7,9,2,7,7,10,1,1,0,6,2,1,7,2,0,0,13,1,0,7,4,7
Mycobacterium phage Faith1,Duplodnaviria,SEA_FAITH1_28,bacteria,NC_015584,YP_004538972_28,atgccgctacaggtcggctcgcagggcgagctagttaaccagtgggtccggacgatgaataggcggttttcgtcctactcgcgtgagaaggatggaactccgcttaaggtcgacggctatttcggctatccggaccgcgatgttcagcgggagtatgagcggcgcactaatcaggtccaggacggcatcgttagcgacggtgacttggcggcgttggggttgattgcgaccccgcccgctgaggagctgccggtgttgttcacggtgagcggcacgttcgcggacatgtggtcgggctatccggctgactgcgctcgcgcgctgactggggtctactactggcagccggtgtactacccggcggcggcgttcccgatggagccgagcgtcaacgagggtgtggctgagctgatcagccttatcaacaagctcgcgccgggccggaagttcgcgctgtgtggttacagccagggcgcaatcgtgtgctcgctggtgctgatcgagattctgttcggcagcctgtcgcaccgtaagggcgatctgctgggtggctcaatgttcggcaacccgatgcgccaggctggggtttcgttccctggtgggcgtgatcctggcgggcgcggtatcgccttggagcagcttaaggtgacgccgccgaactggtttgagtacgcggaccctgacgacatttacgcggccacgccgaccggcgctgggggagaggaaatgtcctcaatctatgccgtggtgatggacccgcttaagggtgcgcccaagctggtttggcagatttgggagcttttggcgaatccggctgcggaggcaccggctcttgttaaggcaatcgtgctggggcttaagttcgcaggcactcggacggcagcgcatgtggagtaccacattcgtcaggccacgccggggaccacgtatttgcagcacgcaatcaatcatttacgaagcattagggggtaa,0,5,10,4,0,3,8,4,0,7,2,0,0,9,8,6,0,3,13,2,0,2,19,3,1,5,6,4,2,1,12,7,1,11,16,4,6,4,16,8,2,16,9,7,0,6,11,6,1,9,0,6,2,2,7,0,0,2,6,1,1,9,7,2
Mycobacterium phage Faith1,Duplodnaviria,SEA_FAITH1_29,bacteria,NC_015584,YP_004538973_29,ttgttgatttacgacgagcaggtgccggtgttggacgacacgttcgagggcgacgaggtttcgctgctagcggtgcgcgggggccgggtggatcggaatttccgccggaactacgcgtgggctaagcacgcggctgatcgcggcaagctaaagaagatcgttgtgaaggtcgcggtcaataaggattcgtgggttcacacggtcggtgcagtcacgtcggccctttcgggccagcggttgcaccctttggcggctttcaatgttgactcggacgttcgggatatcggcggcgacaagctaacgcaggtgttggaggcgcttaaggagctgtcaccgaagccagcggcctttatggcgtcgaatgccgacgttaaggctcttgtacgggcacagaacgcgcaggcgaagaatgcgcccaagccggggcctaagagtgaaacgaagaacgttgaggacgtgaaggacggtgagtaa,0,3,15,5,0,0,5,0,0,0,0,1,0,2,1,1,0,3,5,0,1,1,3,2,0,3,6,0,3,0,2,3,1,10,7,4,2,3,11,4,0,6,2,2,1,4,7,7,1,2,0,0,1,0,6,0,0,0,2,0,0,3,6,1
Mycobacterium phage Faith1,Duplodnaviria,SEA_FAITH1_30,bacteria,NC_015584,YP_004538974_30,atgaagattctcgggcacaagccgagcgagattcggaagtcaattgcggggttcgcggctgccctgttggtactgctagtggcgttgcctgtggccggtctaccggtaggtgttgcggctgtagtggcgactgtgacggccttcctgacgggtgtaagcgtctatctcgctaagcctaatgtggctgcggtaattgacgggctggacgtgattgacccgccggtcgaatacccaccatttattgagaagtcatag,0,0,5,1,0,0,2,1,0,2,0,0,0,0,1,6,0,1,0,0,2,0,4,2,0,0,1,0,2,2,4,0,1,3,2,0,0,3,6,4,0,0,3,3,5,2,6,1,0,1,1,1,2,0,0,0,0,0,0,0,0,2,2,1
Mycobacterium phage Faith1,Duplodnaviria,SEA_FAITH1_31,bacteria,NC_015584,YP_004538975_31,atgccggagacgggcgaatggattggggtgctggtcactaactggccggagcttgcagtaattgccagcttagtgttcggcgtctatatgatcgtgcgtttcctggcaggcacctttgagtcgtttagtagggcgcttgggccggtggggaggttcctccgtgctcagcgcgctattaacaaagctgaatcagatgacatgcggaagcggattgcgtacctggatgagcgggttacgcgtctgctttaccgcgaccagtgttatttcgcgtacgtgttggctgacacggagtggcatcgtaggcatgagcttaaggcggcggcacttggttgggtgtttgagcctcacgtttcattccttgagttccgcgacacgtggatgcgcgagcgtggactagataaggaattggaaatttggaagtaa,1,2,4,0,0,1,4,1,0,1,3,1,0,1,4,5,0,1,2,2,0,0,3,1,0,4,3,5,1,1,4,6,4,4,9,3,3,1,5,4,1,3,3,1,1,2,6,2,1,3,0,2,2,0,1,0,0,0,6,1,1,6,2,3
Mycobacterium phage Faith1,Duplodnaviria,SEA_FAITH1_32,bacteria,NC_015584,YP_004538976_32,ttggaagtaacggtttactcaccggcgaccgcttgcacaagctgcatggcaacgaagcttgctcttaagggtgcggctattccgtttacggcagtagtggcctcagaggagcaagtagagaagtttaaggcggatgggcacgcggcgttcccagtcgttgtcgtggattgcggcgacggcgctacgtggacgtggagtggttaccgccatgacgacattaagcgacttaaggaattgcggcaggaacagacgcctttggcggcttaa,0,0,6,0,1,1,6,0,0,1,0,1,0,0,1,2,1,1,2,1,1,0,2,1,1,1,1,0,0,0,0,3,3,3,3,2,2,1,6,5,0,2,1,2,3,2,2,2,1,2,0,0,2,0,0,0,0,3,2,0,0,1,3,2
Mycobacterium phage Faith1,Duplodnaviria,SEA_FAITH1_33,bacteria,NC_015584,YP_004538977_33,atgggtgagttcgccgtctgggtgaccatcgccgtaatcgtcgtcctggtggtcaaagtcgtgtggccgcttctactgggcgtaaccctcgtatggctggcttacctcatcgcccgcaagatcgcccggcagcaggacgcacaggcggcagaacgggccaagcgagaccaggcactcatcgaacgggccgactggcagcaccagcggaccctagccggattcgaggacggcatatacggcaagtacccaccggccaagctcgacaacatcgcgccggagtcggagggtgccgtgatggtcatttccaaccggtcgcctaacgactgcgactgcggatactgctag,1,3,4,0,0,3,0,0,0,0,0,0,1,6,2,1,0,1,6,0,1,0,3,1,1,1,5,0,2,4,3,1,2,7,4,0,3,9,2,1,2,3,0,2,3,6,4,0,0,4,1,0,0,1,2,0,0,3,4,0,0,2,0,0
Mycobacterium phage Faith1,Duplodnaviria,SEA_FAITH1_34,bacteria,NC_015584,YP_004538978_34,gtgctcagcggcctaggcgctccgcaagccgtggccgcgccccaggacgactacgagttctgcacctacgtaacagggcagaccgggcgcaacgttaactgcaacatggccgtgccgatcgctcagtcacggtgcgcccaactggcgagtggcacgccgtggcgcgaaatcctggccggggacaccgacctcttaggagacaaggccctcgcggtcggcatcctaagcggcgctgtcgccttctactgtccggaatacgagtcctcgatatacgcgaaaggggcttag,1,3,1,0,1,3,1,0,0,2,0,1,1,3,1,0,2,0,3,0,0,1,4,0,0,2,1,0,2,3,2,0,2,5,2,0,0,7,4,4,1,5,4,0,1,2,3,1,0,5,1,0,1,1,1,0,0,3,1,1,1,2,0,0
Mycobacterium phage Faith1,Duplodnaviria,SEA_FAITH1_35,bacteria,NC_015584,YP_004538979_35,atggctgacattaggccattgatcattggcgagattggatcgtttgcccacggcctaaaccgtgaggactccgaccacgactacatcggcatctatgccgatccgccagaagcgctaatcgggcttaagccgcaggtaggggcagtccggaggcgggacaagcccgaaggcgttaagagtgaggccggagactccgagacccagttttacggtctgcgtaaatatgtgagcctcgtttgccagggcaaccctacggttatgaccctgctgtttacgcctaacctgatcttccccgacatgatcaagctgcaagagaaccggcagatgttccttagcaagcggttagcggcccggcacatgggatacgccgactcaatggccgctaggctgaccggcgaacgcgcgccgcgcaccaaccggcccgagctaatcgaggcccacggctacgacactaaggccgcattccacgcgctccggctgcttatgcagggccacgaaatgctgatggaccagaacatgcagatgcccatgatggagctgcgccgggactacctgctgagcatccgcaacggcgaggtacctcaggaacaggtgctagaggacattcgggactggcgcgacatgatccagcgcgccgagcgcctgacctccttgccagacgaacctaaccgggccaagatcgaccaatggttaatcgacacgcacgcgcgcttgtggggcttgcagcccttgtgctcagcggcctag,1,8,7,0,0,5,3,1,0,3,3,1,0,11,14,4,2,7,11,0,3,5,3,4,0,8,10,2,4,2,12,3,6,17,11,1,2,11,6,2,3,10,2,1,2,1,2,3,0,5,1,2,2,3,1,0,0,2,3,0,2,3,5,3
Mycobacterium phage Faith1,Duplodnaviria,SEA_FAITH1_36,bacteria,NC_015584,YP_004538980_36,atgggtaaacgggtaaccgtcacactgttcgatgactacgagccagagctggaagcggaggtagaacgtaacttctcgattgagggagtggcctaccacctggacctgtccgagaagaacgctaagcagttcgacaaggacttggagaagtggctgggagtcgctacgcgggtcggcaaggaatccacccgtaggcgctctagcagcaagaacacctactccggcggggaacccggcttgccgctcgcagacgtacgcaagtgggcgcagctcaacggacatgaagtgtccgaccgtggccgcgtctccgcgcagatcgttcgggactggaaagccgcagggtcgcctaccggtgacgaaatcaaagcggcggcaccagccaaaaaagccgcaccagctaagaaggctgcaccggctcagaagaaagacgacccgcagttttcagcagccggggagtcttaa,6,4,10,0,1,4,1,0,0,2,1,0,0,2,1,1,0,1,5,1,3,1,3,1,0,3,3,3,0,2,5,0,6,10,7,1,6,5,5,5,3,4,3,2,3,4,2,1,1,3,0,0,1,5,2,2,0,0,3,0,0,3,2,1
Mycobacterium phage Faith1,Duplodnaviria,SEA_FAITH1_37,bacteria,NC_015584,YP_004538981_37,atgagcaccacgcccccacccccgttcatcgcggtattgcaacgcgacccctccctacgggcgcgtgcattggcccttcgggaagcgaacgacgcgctcgcccgctaccgcgcatcgctggacgactggaaacgcgatctgcgcgtcagcgcacagccttactttcaggcacatgagcagcagtacaagcagcttgaatcagagatcaaccgccttgagctgggctggtccaaggccgtcgttaaacgcgtcccgctctaccggcgcgtatcgcctactcagctcatcatcgcgggtatcgtcgcggctgtggtgctaaccatgttcgtcctgttcattgcccagttagcgactaatccgctcagatga,2,2,2,1,0,2,1,2,1,2,0,0,0,5,2,1,1,0,7,1,1,3,3,2,0,8,3,1,2,4,4,3,2,4,3,1,4,4,7,1,0,1,0,1,2,5,2,1,0,4,0,0,1,2,2,0,1,0,2,0,1,3,2,1
Mycobacterium phage Faith1,Duplodnaviria,SEA_FAITH1_38,bacteria,NC_015584,YP_004538982_38,gtggccgacgagccagagaaaaataagaggcgcgcgaggggtgatggaggtctctacgaagatgccaaggggttgcacgtcggcatcatgtggattcccggtccggacggcaagccgaagcaaaagcgagtcgccagcaagagcaaggcggtggccgttgcgaagctgaacaaactgcgcgccgacgtgttggccgggaacgtcggaacgacgccagggaaagtcaagacggtaggcgagtggctggactactggctgaccgttaagaagcgtgaggtccggcccaagtcctacaagagctacgagagcaccgcgcggctgtacctcaagccccatatcggccatatccggctggacaagctgacggtcgctcaggtccgctctatgctctcggcgctacaggatgggtccggagacaccaaggggtcgacgcggaacgctgagaaggcgtatcaggcgctaaacaacgcactccggcaggcggtcaacgagtccgcgattccccgcaacgtgtgcgatgcgatcaaaaagccgaagcaccggaagcagcagcgcggcgcgttcgagacgaacgcggcggtccacattctgcggacggcagccaagcgcgacgacgaggacgaccctaagcggcctaagctcgcgtcccggtgggcggcagcgttcatgaccggcgcgcgccaggccgagtgtctggggatggaactggaccggctggactttaaggctggcgctatggatatctcatggcagttgcagcggttgcagtacgaacatggctgcggcccggctaaggctgacggcacatatccgtgcggcaaggtccgatacgggtactgccctgagaagcggtttgtcccgccgccggggttcgactaccggcactgctacaagtcgctgttctggacgcggcctaagagttccgctggggagcggtggattcctatggctccgctgctatctgagtctcttaaggtgcatatcaagcttgacaaagaccctaacccgcatgggttggtgtggcatcaccgcgacggtaggccgctaagtcaggaggatgataacgagcagtggaacatgctgatggctgccgccgggattgagaagatgccacggcaggcggtgttgcatgaggctcggaatacgacggcgaccctgctactggaatcgggtgtcgacgttagggtgattaaggagattatgggccacgcgtcgatcttgcagacgcgggagtaccagagggtcagtttggaattaggtaagagcgccgttagcaacgctttcgacgctctgctcccgtccggttag,5,12,34,2,1,5,11,0,0,6,5,3,0,7,10,7,1,6,15,7,3,4,12,6,2,8,18,1,5,6,17,2,5,19,19,7,3,11,20,12,3,12,11,7,1,13,8,4,0,11,1,2,1,6,5,3,0,5,9,1,1,5,8,2
Mycobacterium phage Faith1,Duplodnaviria,SEA_FAITH1_39,bacteria,NC_015584,YP_004538983_39,atgctcgatcagttccaccttgccaacgaactaacctccctcgtagaccacgcgctcatgtggacgctgatcgccgtaggaaccgccaaccaggtactacgacgacacacttggcgcatccggtgggaagtgggcaccactaccagctccgcgctagtgctcaccgcgttaaccctgctatccccctggctagaagtgtttaaccccttcgcgcccaacactttcagttacagccatatctccgcacagttcctcatcgggcacatcgtgctcatggtcggatacgcggtattcctcggcgaactcatcgaacgcatggagtggggccgcacccgtaaggacgcgctactcaacagccaccttggcgtcccgctcaccgtcgccacgccaacactcgtcggactgtgggtaaccggctggcacacagccatcacgccggttgcaatcgtcgtctacgtttggcagctcgcgcacatctgctggttgttctggcgcatccgcaaaaccgacccacgctcaccgctgatcgccaacctctacctgatcggtaccgccgtggcgctcgctgcgcccctcacattcggattagctgagggacgttggccctggcgcgtcaccgtcctcgcaacgatcctgtggacggtaaccatgagcttgtcgtggacccgcaagcagcgccaccttaaggcccacatgtggaagcgtattcgcgccgaaaagccacttaggcgcaaggctaagcgtggccctgcgcctaagcagctcgacggcgctttctaa,1,6,8,0,3,14,5,3,0,4,1,1,0,13,6,1,0,9,6,1,3,5,3,2,2,11,1,4,6,17,6,4,6,4,2,1,3,9,10,4,5,7,1,1,6,8,5,2,1,4,0,0,1,4,1,0,0,1,15,0,2,8,2,1
Mycobacterium phage Faith1,Duplodnaviria,SEA_FAITH1_40,bacteria,NC_015584,YP_004538984_40,atgatcggcatgtcggccagagatgaagacaacgacctgattgtcgtagtgagctacctgcttaaacggcaggtgcgtatgcaagaggcgctgagcgcgctaggtatgtcccgctccacctattacgagcagcgggataagggcgtgctcaacagcattcccaacctcatggccgtcgctgagcacttcggcctggacaaggttgacctgctggtgcgcttcggccacctatccaaggctgacctcatcaccttcctagagcgcgagggcgaggtcatagccgacggaggcgacgcgacgttggaccctccggtactaacaacagtgaggagacggaccaagagccgactgagtagacccaaggctcgcaccgatattccgcctctgtaa,1,3,5,0,2,4,1,0,3,4,1,1,1,2,5,3,1,2,2,0,0,2,2,2,1,4,3,1,4,3,8,1,1,8,6,3,0,3,3,3,1,6,0,1,2,3,5,1,1,2,0,1,0,3,1,0,0,0,0,0,0,3,1,0
Mycobacterium phage Faith1,Duplodnaviria,SEA_FAITH1_41,bacteria,NC_015584,YP_004538985_41,gtgtgtatggttcaaaccgtgacgccgacaacctcccaaacctcagcccacacaattcgctggattcccgaagccgtgcagaatctcctgcataacaacgacattctgactcgcaccgagcttgcaaaagcgctgggtgtagcgcgttcgaccgtctatcgcacgtttgacgaggactggtcgggtgagccgagcatgacgatgctggcgacgatggccggacacttccgagtcccgctcaaccgcatcgttaccgagcctggtagcgccgtagcgcgccgtcgaactgtccggttggccggatga,1,3,0,1,2,6,4,2,0,2,0,0,0,1,4,3,2,2,1,1,0,1,3,1,2,5,1,2,0,2,4,1,1,3,4,0,1,5,4,0,2,0,0,3,2,3,3,2,0,0,0,1,1,1,2,0,1,0,2,1,0,1,1,1
Mycobacterium phage Faith1,Duplodnaviria,SEA_FAITH1_42,bacteria,NC_015584,YP_004538986_42,atgactgccaacacaacgcttctgtccgatgaacctgacaggttgcttgtgactcgcccagaagccgcacgaatcttgtccctgtctgtgcctgagattgaccggctacgccacaacggaaagctgctggcgaagaaacacggatcaaaggtgctctttccgatgaaagagcttgagcgtttcgctaacgacctgccttgggagcttgaccagtga,2,3,3,0,1,0,1,2,0,0,1,0,0,1,2,1,0,2,1,0,1,0,1,3,1,2,1,1,1,1,5,4,2,4,4,1,1,2,1,1,2,0,0,0,0,0,3,0,0,0,0,0,1,2,0,1,1,0,1,0,0,1,2,1
Mycobacterium phage Faith1,Duplodnaviria,SEA_FAITH1_43,bacteria,NC_015584,YP_004538987_43,gtgaccagaacccgcatcgaacccgataccgaagctgtcgaagaacttaaggccgcgttagagcggctaaggaaggacggatggaaccgtggaaagtttcacgatctcgcaacaggcaagtgctgtgctcttggggcgttcggctaccagttcccaacagactcgccgggcgttaagtacctcgcatacgcaatccgcacccgcaaaggcgggcacccatacccggcagacatgcccgatatgtccgtcgtcattcgtttcaacgatgcacatggccgaaagtgggcagaggtcgaggccgttttcctcgccgctatccgttacgcagaaggtaaaggcgtctatgtccgagaaggccgttag,2,2,6,0,2,4,0,0,1,0,1,0,0,3,2,1,0,2,1,1,2,2,2,0,2,3,1,4,1,3,0,2,6,3,3,4,7,3,2,3,2,7,2,1,0,6,1,2,0,5,1,1,0,1,1,0,0,1,2,1,1,4,0,1
Mycobacterium phage Faith1,Duplodnaviria,SEA_FAITH1_44,bacteria,NC_015584,YP_004538988_44,atgtccgagaaggccgttagggataacgtgctggccgcactgtcgctggccgcgctgatcctgctgggtgccatcgtccttaatgatctgttcgcggcgtggcaggcatga,0,1,1,1,0,0,0,0,0,0,1,0,0,2,1,0,0,0,1,0,0,0,0,0,0,0,0,0,0,0,7,1,0,0,1,2,2,4,3,0,0,0,0,1,0,1,1,1,0,0,0,0,0,1,1,0,1,0,1,0,0,1,0,0
Mycobacterium phage Faith1,Duplodnaviria,SEA_FAITH1_45,bacteria,NC_015584,YP_004538989_45,gtggcaggcatgagtacagcgcccgtacagaaacttggttctattgtttccatatcccccgaaagccacgtagagttattagtagagggggaggggatgagaaagttccgagacgtgatcaacgaagcgcgcaaggtcgcaatgttgaatccccttggacgtaacaccggtaagggttactacgagtatggagagccatgctgcttcttcggtcacgtcttggaacgtctcttgctccctcaagttgccaaatgggaaattgcactctttaacacctacacgcttgccgaactgccctggaaccactggggcattgaggaacctaacgattatcagcggttgtggatcgctaaggtccaagccgctgccgataacggggattcgtggatcatcgctattgcgatggctgacgcgactctcatttag,2,6,4,1,1,2,1,1,1,1,0,1,1,4,4,5,2,3,2,0,1,4,0,2,1,1,1,2,0,4,1,3,6,2,6,3,3,4,4,4,2,2,3,4,3,3,2,2,0,3,1,2,0,2,1,1,0,2,5,0,2,3,4,1
Mycobacterium phage Faith1,Duplodnaviria,SEA_FAITH1_46,bacteria,NC_015584,YP_004538990_46,atgacagttatctacttgggcgaacccaccggcccacgactgcggagcctgagccgcactaaggagcgggagcttgacgcctggcttaccagtgcgcttaagaacccgcccaaaaagcgcgaccaaatcccaagcgaccttgctgagtacacgcgtgcccttagcgccttagctaagcgtcggggaatccagttccatttcaacggcgaccgtatgcgggtacgcggcgaagtggtcttggggaagaacttgcccggctgtgtaggcgggtcgaaacgaaaggtcaccgttaccgacgaacggtctgcggtcacgaaagctggacagcgcgtcgaaccctggaatatgagggattggcgtgaatga,3,3,6,1,1,4,2,1,0,4,1,1,0,3,3,0,1,0,2,1,2,4,1,0,2,4,5,4,0,0,2,5,5,5,3,1,0,3,2,3,2,6,2,0,2,4,1,2,0,2,0,0,0,0,1,1,1,0,3,1,1,2,3,0
Mycobacterium phage Faith1,Duplodnaviria,SEA_FAITH1_47,bacteria,NC_015584,YP_004538991_47,gtgaatgagttgacacccactgtacaagctatatacagtgctgactgcgaggagttcagaaagtggcaaagcagttttcttgcccgctggaatgtggagcctcctactccgaggagtaccagcttcaccttcacgaatacgcatccgaaaaaggcatcctcccgacctgtgggcggggggccgaacgaaaggcgcgctatgccggaggcgatcacgctgcaaacggacttgaggcagcctgagaagctgatgctggccggggactggcacggcaatctgccgtgggcgttcaaggcgatccacttcgctaaggcgaacggcgcagacacgattctgcacgttggcgactttggctggtgggcaccgattgagcggacgttccagttcctagcggaggtcgacaaagagcttaagacggtcggcatcgaccttctgtgggtcgacggcaaccatgaggaccacgccttttggcaccagttcaataagccggggtcgtatccgctgaccaccatgtcttactcaagcatcacgcacttgccgcgcggcttccggtggaagtggtggggcgatgtgtggatggcgctgggtggcgctcactcggtggaccggagtttcgcggtcgagggtgagtcgtggtggccgggtgagtggttgcaggacgaccagcttgagtacgccatgcggcccggcaaggtcgacataatcgtgtcgcacgacgcgccgaccaacgtcgatgtgcccggcattgtgcctggtaagccgatttacctgaatatcggcggcttgaagcgccgcgttccgcaggtcgacttgcttaaggccgaggagcaccgcgcccgtatccaacaggttgttgacacggttaagccggtcgagctttaccacggccattaccaccgcgcctatcagtccttagcgcgccatgagggcggcggttacacgctgtgccgtggtctggataaggacgaaacgacgatggctaagaacacccatttcattacgggaggcacgcaggatgacgacgacgacgagtaa,2,5,15,6,1,6,14,2,1,3,3,4,2,7,6,5,4,11,9,5,0,3,14,5,1,8,4,2,1,0,11,6,2,21,19,4,3,7,9,6,1,18,4,6,1,8,8,5,1,7,0,2,1,3,4,1,0,2,15,0,1,11,6,3
Mycobacterium phage Faith1,Duplodnaviria,SEA_FAITH1_48,bacteria,NC_015584,YP_004538992_48,atgacgacgacgacgagtaaccctgagcgggaggtctgccggttgcccagcggcgacctgacgattaaggggaccaaagtctggttgccgtccgatcccgacctgttggagcgggagcgggaggagaccgcgcagcggctcagggacattctcaacgctaagcgattcctaatcgaggagcaggaccgggagtacggcggcgctatcgacttcgctacccgtaaggctaacgaagaggttgggcgctctaaccaggtgctctaccgcgatatgcccgaccgcgacaagcgctggtggatcgctttccttaaggcggtgcgccatgaaggcgagtga,1,4,5,0,0,3,5,0,0,1,1,1,0,3,2,2,0,0,3,1,0,3,1,1,1,5,6,1,1,3,2,1,2,7,11,2,0,0,2,5,0,4,2,0,0,2,2,1,0,2,0,0,0,1,0,1,1,1,3,0,0,3,3,0
Mycobacterium phage Faith1,Duplodnaviria,SEA_FAITH1_49,bacteria,NC_015584,YP_004538993_49,atgaaggcgagtgagcggttagcggagcgtaacgacattctcgaagtcatcgcggagattgattccgagttgtcggcgctggtcggtgttaggtctttccgtgcagcgcaggaggcgcgggagaagttggatatccgccggggcttggaggcggaacttaacgcgctcgggtttaaagcgcctgagcttgacgaaaggttgaagcaccgtgaggttactcgcagcagtgctgctactggcggtgatcgtgctggcggtagtggcagcggttcagtggttgcgaaacgccgtattggaccgtcgcctcaggcgagctaa,2,2,3,0,0,0,0,2,0,3,2,3,0,2,1,3,0,1,2,0,0,0,1,2,0,3,3,5,0,2,1,2,3,2,9,3,1,0,11,3,1,4,1,4,0,2,1,3,1,0,0,0,1,1,2,1,0,0,0,0,1,1,4,1
Mycobacterium phage Faith1,Duplodnaviria,SEA_FAITH1_50,bacteria,NC_015584,YP_004538994_50,ttgcagtacctcacccggcaggaacgccgggaacatgctcgggcgctcgctaagcgtcacctgtccgaggcggatgaggcgtactaccagcgccttaacgacatgctccaaatcaagccggttctgtaa,0,1,2,0,0,1,0,0,0,0,0,0,0,1,1,0,1,1,3,1,0,0,1,0,0,2,3,1,0,3,2,1,2,1,2,1,0,0,3,2,0,0,0,0,0,0,0,1,1,3,0,0,0,1,0,0,0,0,0,0,0,0,1,0
Mycobacterium phage Faith1,Duplodnaviria,SEA_FAITH1_51,bacteria,NC_015584,YP_004538995_51,atgaagaagatcatggagttcttcggtttcacgtcggctggcgctttcatgaaggaatggaaggcgctgaccgagaccgatcaggctcagctcaaggccggtatcgaggacggctcgctgacctactaa,0,0,5,0,0,3,1,0,0,0,0,0,0,2,3,0,0,0,2,0,0,0,0,0,0,0,0,0,0,1,2,0,1,1,3,1,0,1,1,3,0,2,0,2,0,0,0,0,1,1,0,0,0,0,2,0,0,0,1,0,0,4,0,0
Mycobacterium phage Faith1,Duplodnaviria,SEA_FAITH1_52,bacteria,NC_015584,YP_004538996_52,ttgaatcgtaagaaaattgcggctatcgctttggcggctgccgctgtcctgccggttgtcgcatgttcgacttcggtcccggctggcgtgaccgctatcaaggtggaggactacgcgttcatcccgaccgatccgactgtcgagggctgcattaagccggagacaaacgagttcaaccccatcggcgggttcaaggcgtacatgtacccggcgcggcagatcagctacgacgcgctggacaccgagggcgcggaggcaccggccaccgttgtcgtgtcgaaccgcgaggctccggctgagcttaaggtgccggttacggtcacgttcgacctgacgcaggactgcgagctgcttaagcagttccatcgggacttcggcacgaagtaccagggctggcttaacgatgacggcaccacttctcagggctggaaagacctgctgaactacgtggtcggccagccgttgcagaacacgttggtgtcgattgcgcagaagtacgaatggcgcaagatttggaacgacgaggccgtgcgcgtcgagttccagaacgcgctgcgcgagacgctgcctaaggtgtcgcgcgaccgtactaacggcgtcgactacttcaccaactttcaggtgacggtgatgaagccggacccggttgacccgacccttaagcaggcgatcattgccgagcagcaggccatcgctcaggccaacgccactaaggcgaagggcgttgccgacgctgaggctgcggaggccaaggctgacgcggacgttaaggctgcggaggctcagaccaaggtggctgagcaggaggcgcttaagcgtcgtgctgaggttggcggttatccgagcattgaggcttacctggatgctcaggaaatcgcggctaagcgtgaggctatcgcgcggggtatcaacccgtacccgtcgcccattgttgcgggtgttggcgctaccggtcgctaa,2,12,19,1,1,9,7,5,0,2,0,0,0,10,2,7,0,0,17,1,0,2,16,1,0,6,3,5,0,0,9,5,2,16,21,3,2,9,18,21,0,13,1,4,0,9,11,9,1,10,0,1,0,0,6,1,0,2,4,1,0,8,4,1
Mycobacterium phage Faith1,Duplodnaviria,SEA_FAITH1_53,bacteria,NC_015584,YP_004538997_53,atgtcgaaaaagtccctgttcaagcaaccgggtgtcgagcagttgattcccggcgcggagctgcctgtcggcgttaaggtcaccggtcgcaacatgcacgcggtgtccctgctggcgtcggtgagcggtgaggcgctgggtcgtcggaccatcgtcaagtcgtactttgaggcggatggctcgctgtcgcacgtcaggatcgttgacgaggacggcaccgtcgatatcaaggctggcgactacatgacgctgggcgacgaccgtaagaccatcgtcgtggtgacgccggagatttacgcgtcgatcaagacggtgctccctctcgtcgtcgcgctcggtgacgctttcgccgaggctgtcggtaccccgatctttgacgggctgtcgggtaccttcccgaacatttttggcggcgtctaa,1,2,7,0,0,6,3,0,0,1,1,0,0,6,3,3,1,2,1,0,0,1,4,2,0,1,1,2,0,3,8,0,0,7,7,2,0,1,7,3,0,8,1,7,0,11,5,2,1,3,0,0,0,2,7,0,0,0,0,0,0,3,1,3
Mycobacterium phage Faith1,Duplodnaviria,SEA_FAITH1_54,bacteria,NC_015584,YP_004538998_54,atggcgctgttcaaaaagagcgcgcctgttatcgctccgcctaagaccgtagcgtccattacggctgggctgggcgataccctcgcggagcttgaggcgcacgccgaggatcaggtctcaaaggccgagtttcagaaagcgatggccgaccaagcgatggccgctgccgccgagcacacatcggagtccgaacgggcgctgacggttgcccagaaccttaagggtctgctcggcctgtga,2,1,4,0,1,2,2,0,0,1,0,0,0,1,3,1,1,2,3,0,0,0,1,2,0,0,1,0,0,2,5,2,1,1,6,2,0,7,8,3,0,2,1,1,1,1,0,2,0,0,0,0,1,2,1,0,1,0,0,0,0,1,0,1
Mycobacterium phage Faith1,Duplodnaviria,SEA_FAITH1_55,bacteria,NC_015584,YP_004538999_55,atgacgacgtttttgcagagccttaacggccagctaaacaccacccgcacggagaacggcgataaggcgcataagtcgtcgcttgatccggtggtcgattacttcggtttggcgggcgctatgcgtgaccgcgccgaggcgagcgccgatctgtttgagaaggcgttccgcgttgacccgcaggctgccgtccggaccctgttctatctgcgtgacgtgcgcggcggtcagggcgagcgtgacgtgttccgcgcgggcctcaagcgtctctacgccattgacccgtacacggcgatggccgttaccgagcatgtcccgttctacgggcgctgggatgacttgttcatcttcgggtcgcaggttccggctggtatcgcggcgctcattcgtgcgcagtggtccgctgacgttgacgcttacgagcgcggcgagaaggtctcactgctggctaagtggctgccgtccgataagagccggtcgaacttggagctggctatcgcagtccgcgaaatgctgggcctgactcagcgggagtaccgccagacgcttagcgcgctgcggggtcgtatcgagctgcttgagcacgccatgtccgagggcgtgtatagcaacgtcgactacagcaagctcccggcgcaggcgcaccgtaagcacgttaaggcgttccggcgcaacgacggcgagcggtaccaggcgttcctagacgcggttgaccgtggcgaggccaaggtgaacacgtcgaccctgtacccgtacgagctgtacgacatggttaagcggggggacgcggctgccgctgacacgctgtggaacaacctgccggactacacgcggcccggccaggacgcgatcgttctagcggacgtttcaggctcgatgtggggtcgtcctatgtctgtgtctgtgtcgctggctttgtacttcgcagagcgcaacacagggccgtataagggctacttcatgacgttcgcctctacgcctgagttggttcaggtgaccggtaagacgttggagcagaagcttcacgctatcgagcactcgaccggctggtgtgggtcgacggacttggaggcggcgtttaaggcgatcctgcgggctggtaagcagtcgggcaccgtcccggccacgctctacgtcgtgtcggacatgcagttcaatcaggcgcttaaccacgccgacctgagcgtgtttgagtcggcccggctggacttccagcgggcgggccttgagctgccgcatgtcgtgttctggaacgtgaatgcgcgccacgatcagctcccggccacgatccttgacgggaacgtgacgctggtgtctggcttggcggctacgacgttcggcatggctgtggagggtaagacccctcgtgagctggtaaatgacgtgatcaacagcgagcggtactcgcagatcaaagtctccggttcctaa,1,14,18,3,1,9,17,1,0,8,0,0,0,10,11,2,0,7,19,3,0,1,13,3,0,12,12,10,3,6,22,8,1,24,25,7,2,13,25,14,0,19,6,9,1,10,16,10,1,16,0,3,2,5,13,4,0,0,7,1,0,16,9,4
Mycobacterium phage Faith1,Duplodnaviria,SEA_FAITH1_56,bacteria,NC_015584,YP_004539000_56,atgcctggaccaatgtccgcgcccaacggaaacgcgctgatcacctacagcgccgaggcgcgaaagaaagccggtcggaccggcaagacggaagctgtgaaagcccgtaagggggagaagaaaaatgcgtaa,3,2,4,1,0,2,1,0,0,1,0,0,0,1,2,0,0,0,0,0,1,1,0,1,1,0,1,1,0,0,1,0,1,0,2,0,0,3,4,1,2,1,1,1,0,0,1,0,1,1,0,0,0,1,0,0,0,0,0,0,0,0,0,0
Mycobacterium phage Faith1,Duplodnaviria,SEA_FAITH1_57,bacteria,NC_015584,YP_004539001_57,atgcgtaaggcaatcatcgcggccatgctggtcggcgcgttgtcgctggtcggttgcgcgacccagaatcagcattgggagcgtggctgcaagatccagtcaaaggacatgctgtacggcagcgacagcgagggtgccactaagcgcactaagcgcattagcaccacgtgcggcgcgttcgacgtggaggacgctatcgaggtcggccacatgaacagctacgacctgtgggccaagctcgaagagggcaagacctacgacctcaaggtcggcgggctgcgtaacggcttcttctccatgttccccacggtgttggaggttaaggatgccggttag,0,2,9,1,0,3,2,2,0,4,0,0,0,4,5,1,0,1,3,1,0,1,0,0,0,2,0,3,0,2,5,0,1,6,6,1,1,4,4,1,0,8,1,3,0,4,2,1,0,3,1,0,1,1,1,0,0,3,2,0,0,4,2,0
Mycobacterium phage Faith1,Duplodnaviria,SEA_FAITH1_58,bacteria,NC_015584,YP_004539002_58,atgccggttagcgtcgctgaggcgatcctgcgctacaaagaggcgcaggctaagaagcgtggcgagacgctgccagagaagttctaccgggttcctaaccggaaggcgatccgcgcgcaccgcttcggcggtttccgcgagggccttggctccggcgattcgttcgttctgatgaggccgtaccggtcgcgcattcagcgcggcaagtcgcggcctcagccgcgcgggcagattatccgccggggctttaaggactatctggaaaacgggccggacgccgaccggggcaaggtgactgcatggacgcagaagctttga,1,2,8,0,0,0,2,1,0,1,1,0,0,3,2,2,0,1,5,0,1,0,4,2,0,8,6,1,0,0,4,2,1,3,5,1,1,1,4,2,0,8,2,1,0,1,1,3,0,3,0,1,0,1,3,0,1,0,1,0,0,4,0,1
Mycobacterium phage Faith1,Duplodnaviria,SEA_FAITH1_59,bacteria,NC_015584,YP_004539003_59,ttgagttaccgggtcgaggttctgcttaaggaccgggcgcttccgccgatggttgccgttagggagccggagattagccctatcggtcatctgcaagtaatgctcaaagatggctatttggtgtacgcgccggggtactggctgagctacggagttaaggaacacaaagatggctaa,2,0,2,0,0,0,0,0,0,2,1,1,0,1,2,1,1,1,0,1,0,0,4,1,0,0,2,0,0,1,3,2,1,1,3,2,0,1,2,0,1,2,1,1,1,1,1,4,1,4,0,1,0,0,0,0,0,0,1,0,0,0,2,0
Mycobacterium phage Faith1,Duplodnaviria,SEA_FAITH1_60,bacteria,NC_015584,YP_004539004_60,atggctaaggtcggcactgtttaccgcaaggattacgaacctgactgcggttgtagcgctggtccatgtttcgacatgtacgtaaagacgctggatggctggcttctggtcgaccagtacgggcctcagggaatcgtggcaaacaagccgtggaaacgtgctgctgggtttgtccggttcccgccgaaggttagcgaggattaa,1,1,5,0,0,0,1,1,0,2,0,0,0,1,2,0,0,0,2,0,1,0,3,2,0,1,1,1,0,0,2,1,1,3,1,3,1,0,0,4,1,2,2,2,1,3,1,2,1,4,0,0,0,0,0,0,0,1,2,2,0,2,0,1
Mycobacterium phage Faith1,Duplodnaviria,SEA_FAITH1_61,bacteria,NC_015584,YP_004539005_61,atggtttacccaccggacttccagggtccgctaacgggggaatggcgcgaaggcagggggcgcgatggaaagcaaaagcgctggtggtactccaaagacgccaagggatatagccgggcgtccggtgcgggcaagggtctcgacaccaaagatgggcttatcgactgggcagcctgtcaggcagccgttggcatcctcttggacgcgtccgcgcgctcagaggtcgcaacgcttatcaacgagtacgacgccgatccctggtacaagggcgacgacggcggcacccgctccggtaaagagcggcttaaggctgctgttgagcaggcgcgtaacactgccggtcagcacactgctgctagtgctggcactgagttccataagctcggtgagctacgcaataagggcgaaacgccgcgcgtagttcaggagcatctaaaggaaccgctcgcacagtacgacaaagcggttgagcctatcgagttcatcgaccaggaaatgctcatcgttaacgacaagctggaactgtgcggctcggtggactacctgatggcattgccgccgggtatcacgacgccggatggcgttaagcacgacaaagagctagtcgttgtgggcgaccttaagacggggcgctgggacgctaagcggcctatgggtgtgacctgtcagctcgcggcttatgggacgggtctgcgttacgaccaggagacgaatacgcgtactccgctgcataaccagatcaataacaaatggggagtgatggttcatttcccaatcatgactaagaaccctcaggtcaagttctattgggtggacttgacgctcgggttgcaagcggcgctgctcggtaagcaagtcgaggcgatgcgccgcgttttcaattctaaggattcagagcttaaggagttgagccttgaccgttatcagtggtag,6,6,18,4,0,3,10,5,0,2,1,1,0,9,7,0,3,2,12,4,2,1,8,3,0,10,3,4,4,8,6,6,6,18,14,5,5,5,10,7,3,11,6,10,1,4,5,10,0,7,1,4,2,4,1,1,0,1,9,2,0,6,5,0
Mycobacterium phage Faith1,Duplodnaviria,SEA_FAITH1_62,bacteria,NC_015584,YP_004539006_62,ttgaccgttatcagtggtagccgggagaccagtttggcggcttacaagtcgctggataaggaccatctgcgggagtcgcagcgcgcggtgcttaaggcgctgggccggttgcgtaagggcggtaccgatacggatatcgcgcgggtttacaaccggtccaagtggggcgcggtgctgcctcagtcgccttcgggtctgcggactcgtcggtcggagctggtgcggcaggggcttgtagtggataccggcgtgcgtaagcggctggcgagtggtcgtcagtccgtggtgtgggccaaggcaaagaacggggcgtaa,0,2,8,0,0,4,1,1,0,1,0,3,0,2,0,0,0,0,4,1,0,0,0,2,0,1,9,4,0,0,7,2,0,1,3,4,1,1,7,1,0,4,2,4,1,0,7,2,1,2,0,0,0,2,5,0,0,0,2,0,0,0,3,0
Mycobacterium phage Faith1,Duplodnaviria,SEA_FAITH1_63,bacteria,NC_015584,YP_004539007_63,ttgaccgcaaccaaagctgaactggaaaccgctctcgcggaggcagacgccaagatcgagtcccttgaggaggagcttaagaacgctcccacgtgggacaagtcggagaaccccacggtctttgaggcgtggaaccgggttatgcgcgatgtgcaggcgatccgtaaggattcgtacaaccagggccagaagttcaacttccgtggcattgacgcggtaatgaacgcggtcggcccggctctgcgcgcgcatggcgtcacggtcgtgccggtggcgagtacgcatgaagcggagcgctaccagaccgctaagggcgggcagatgtgcaaccgcacggtcgaaatgtatttcgacgtgtacgggcctgctggcgacaagttccgaggcaaggcgttcggcgaagctgcggactccggcgataagtcgatgactaaggcggaatcggtcgcgctgaggacgttcctgctgcaatcgctgatgattccgactgacgatccggaccctgacgctgagtcgcatgagcgggccactccggctactgctgcgcggatgcagccgcccgcgccggtcggtaatgcggagtcggctgaggcgcgcgccaagctgcgcgagctggctaccgctaagaactgggacttgaacggcattgccaacaagttcgcggagcacaacaagggccgggagcttaaggacgccaccgccgaggaggtcacggcgtttacgaaccttctagagacaggggcggtaaccgtctaa,1,12,15,1,1,7,8,4,0,0,1,1,0,2,7,3,1,1,6,3,0,3,7,2,1,6,4,2,1,1,8,4,6,11,18,4,2,6,19,13,0,11,3,1,2,9,4,1,1,3,0,1,0,2,7,0,0,1,3,0,0,7,2,2
Mycobacterium phage Faith1,Duplodnaviria,SEA_FAITH1_64,bacteria,NC_015584,YP_004539008_64,atgtttaacagcacgattgcgggtatccctgtggagctggtcgacgctccacagggcatcaccattccgtgtgagctttgcttcgttaaagaggctgagttcgcagtaggttcttacgatcacaagctggtttgcgaaggctgcctcgattatggggattcgcgccggttctggaatctggaaccgaggcaagctctgtga,1,1,1,1,0,1,1,0,0,1,1,0,0,2,1,2,1,1,1,0,1,0,2,1,0,1,1,0,0,1,4,1,2,1,4,3,1,0,1,3,0,2,1,2,1,1,1,2,0,1,0,1,0,0,1,1,1,3,1,1,0,3,0,1
Mycobacterium phage Faith1,Duplodnaviria,SEA_FAITH1_65,bacteria,NC_015584,YP_004539009_65,gtgacggcagttaaggaacctgagctttggaatccgcgccacctaatcgagacatttgaggatggtgagggccacggctggcatgaggaactgcaatggctctggtttgacgaccgtgagcgcactatgcagttgcttgacgaggttggcgaggtcgggcgtattcgagagccggtcgaaatcggccatgatcgccgggtttggaacgggcatcaccgcatcgcggtagccctagcgcttagcttgccggtcccggtggtctttcatgaacagggggactgttga,0,1,1,1,1,0,1,1,0,1,0,0,0,3,1,1,1,3,2,4,0,0,4,1,1,4,1,2,2,1,1,3,4,4,9,2,1,1,2,0,0,4,3,1,1,4,2,3,0,0,0,0,0,0,0,0,1,0,5,1,0,0,2,3
Mycobacterium phage Faith1,Duplodnaviria,SEA_FAITH1_66,bacteria,NC_015584,YP_004539010_66,ttgagtgagtacaacccggtatctgtagagcgggaaatcttagagaccgttaacgcaatctcggaagggatcattgccgcgcgggacgctctcaagatgaagctggacacggagcgcgcttacaagcgtgcttacgctcaggcgtttatggcgcataagggtccgcagactgagaaaaaggtcgcggcgaacatcgtcccagaggttatgtccgctgaggatgagcgggacgcgtgggcggtcgcttacgagtacgcgaaagacaccaaccgggcgcttagctcaaagctggacgctattcggtcggtgggcgcttctgtgcgtcaggcgtacgcgaacgcgggcaggggcgagtggtga,2,5,6,0,0,2,1,1,0,1,1,1,0,4,3,2,0,0,3,1,1,0,2,0,0,1,5,2,0,1,2,1,2,5,10,1,1,1,12,8,0,3,1,1,2,3,2,2,0,6,0,0,1,1,2,2,1,0,2,0,1,0,1,1
Mycobacterium phage Faith1,Duplodnaviria,SEA_FAITH1_67,bacteria,NC_015584,YP_004539011_67,ttgccaagggcgcacatgccagccctgcgttttcgcttgggccgggtggtgctcaatccatccgtggcagccggtcgtaccgtggccgcacaccaggacgcagttttcagccgtccacaagccgccctgagagcgtttctgtcggtggtgaagggtgaggttgccccaccgggtacaccgctcacagaagccctcagagcggagcttgaggatttgacggcatttcttctcgctcacaccggagcgggcgggcacatatggagccagaaccagtga,0,1,1,1,2,2,1,0,2,2,1,0,1,0,1,0,1,4,3,0,5,0,2,0,0,1,1,3,0,4,3,2,1,1,3,1,4,7,4,1,1,2,1,3,0,0,6,2,0,0,0,0,0,1,1,0,1,0,1,0,0,1,3,3
Mycobacterium phage Faith1,Duplodnaviria,SEA_FAITH1_68,bacteria,NC_015584,YP_004539012_68,atgtcgagaaacctcaaggtgctcctggcagcattcgggacggctttagctatgactgcgtgccagccgagcgcggagaacggcgtcagtagcaccgaccccggcgcgactgaccccggcgggtccggcttcgtgatcacccctaagggcggggtgggtatcgacctgggcggcggtatgcacctaaacccggcgaccggcggcatcggcttcggaggcatcccgttcggatga,0,3,2,0,0,3,1,2,1,2,0,1,0,4,3,0,0,1,1,0,0,2,3,1,0,0,0,0,1,2,2,0,0,3,1,0,2,0,4,2,2,11,3,2,0,1,3,0,0,0,0,0,0,1,1,0,1,1,0,0,1,4,0,0
Mycobacterium phage Faith1,Duplodnaviria,SEA_FAITH1_69,bacteria,NC_015584,YP_004539013_69,atgagcgacttcgggaaaatccaccggaagttctgggaccacccaaaggctaagcaggccggtaacgctgcgcttggcctttgggctaaggccaacgcatggactcgggataaccgatccggagggttcgtaccgcgcgaggtcgtcctagagctgggaacacgcgacgaggctaatgcactggttaaggccaggctttggcgcagggtcgataaggacggcgagttcatcggcgttcagttcaacgactacgagcattggaacgatgacgttgagccgaacaccgaggcgggcaagctggtccgtaagaccattccggagtcgcacccgttcgctattcggcaacagctagtcaaaaagacagctgaaatgctgcgcgagggtatcgacccggaaattttggaacgcgcacttaacctctggctcgctaaggactttgggccgggcattctgcccaacctggtcagcgaggcgcagaaagaggcacagcgcgcggccacgttaaggaacacgatcactgagtgccttaagacggggcaggtttcaccgcttaaggcttacggatacatcttctcgcctcccgttccgccggatgggcttgacgtgaactcgcgtcgggcctggatggatcgcgctaaacgggactggctgaatgaactccgtggaagggttgcagcttga,4,10,12,2,2,2,3,2,0,2,4,0,0,5,3,4,1,3,6,1,1,2,9,1,1,7,5,3,2,3,7,7,4,10,12,5,5,5,4,10,4,5,5,2,1,6,1,6,0,3,0,0,1,1,3,0,1,1,8,0,1,7,1,1
Mycobacterium phage Faith1,Duplodnaviria,SEA_FAITH1_70,bacteria,NC_015584,YP_004539014_70,ttgaccgaggtacagccacctaatgatcagactgccgagcagtgcgttattgggtcgctgcttatgtcgtcaaaggcgcttaacacgctttcgacgttagtaaccgctgaggacttttaccgtccgattcatgcggacattttcgcggcggcgataggtctgctcgctgctggcgaggcggtcgatgccatgaccgtcgctaaggaactcgaaacgcgcggccagctccgcaagatcggcggggcaccgtacctgctgacctgcatcgagaacacgcctacggcgactaatgctgagacgtacgcgcggatgatgctggacaaggcgaagctgcgccgaatggccgagctgggcaaccggcttaagcaactggcctactccgaggcgtcgaccagcgacgacgttgccagcctgctaggggagggtgagaagttcttccggcaggagcacgaaccggacgaccgggcgcttggcttcgggaaaatgatcgagtcctgggagcactggcagtcgaccagtgagggctatatcaagacgccttgggagccgctaaacgagcgcctgaatggtggtttgcagcgcggcaggctttacacgattgcggccaggccgggcggcggtaagagtgtcgcagcgttgcagatggcgagcaatgcggcgttctggggtttcccatcggcgtacttcacgcttgaaatgtcgagcgatgaggtcacgtcccgtctggtctctgccgggtccagtgtcgacttctccaagatcatgaagaagaagctggacttagaggaccgcgccaagatcgacaactttattaagttgaacgacaccattccgctacaggttgtggaccgggcgacgatcaccacggagcagatcgtggcgcactgccggtcggtcgggaatctgggcgtggtcgtcgtggactatctgcaattggttaagccgtccgatagcaaggtgtcgcgcgagcagcaggtgtcgcacatgtcgcggtcgctaaagatcgcggcgcgtgagcttaacgtggcgatggtccagtgtgcgcaattgaatcgcggtcccgttaaggacggtaagccgcgtgcgccgacaattgcggacctacgcgagtcgggggcgattgagcaggatagcgacgtggttcttttgttgcataccgacgaggacgaccccggcattctgcaaatgattatcggtaagaaccgtaacggtcgaatgggcgatcttgccctgaatttcgagggccactaccagaggatcacgtga,1,9,21,7,1,9,13,2,0,6,3,3,1,11,13,10,4,5,15,2,2,2,9,3,2,9,7,5,5,3,16,10,4,20,25,6,2,9,26,5,0,13,7,10,2,10,8,6,0,7,0,2,1,6,13,1,1,3,4,1,2,9,8,2
Mycobacterium phage Faith1,Duplodnaviria,SEA_FAITH1_71,bacteria,NC_015584,YP_004539015_71,gtgagcgtagacattaaggcgctaatggaaggtaagccgctccgttggcaagacgaggcggcttgcgataacgatggccggtttaccggtcgggttgaaacgcttagctggcgcgatcatgtggaaatgcggctcttgtgtgagcgctgtccagtgtttgacgagtgcgctaagtgggctgagcgggaacaggtaattgaggtattcgcggcggggcaatggaggtacccgagtgagcacgtttacgccagttag,0,1,3,0,0,1,1,0,0,2,1,2,0,0,2,2,2,1,1,1,1,0,2,0,0,2,4,1,1,2,0,1,4,3,6,3,0,1,4,3,0,1,1,2,3,0,3,2,0,2,1,0,0,0,0,0,0,2,4,2,0,1,1,2
Mycobacterium phage Faith1,Duplodnaviria,SEA_FAITH1_72,bacteria,NC_015584,YP_004539016_72,atggattccgtcacggagcttgtgagcgctgcgagggcggttacgacgacgaagaggactacccgcgtgacagttaagcataagcagtccgtcgagttgagtcacccgattcatttcggggacgtagagcagtttgtgcagatggggaaagacctaggcattaagcctggggatgaggttgaagttcgcatcttcgcagttcatggcgggagttacagggcgaacctatcggtagggacagtcaatggagcctga,1,1,4,1,2,1,4,1,0,1,3,2,0,1,2,2,0,1,3,3,0,0,1,1,0,2,0,0,2,0,0,1,1,2,4,2,1,1,3,1,1,2,5,0,2,3,3,5,0,1,0,0,0,2,1,0,1,0,0,0,0,2,1,1
Mycobacterium phage Faith1,Duplodnaviria,SEA_FAITH1_73,bacteria,NC_015584,YP_004539017_73,atggagcctgacggcgattacgaaaacccaatcggcgaagttctagacgaggacacggttagcgaccttaggtccagccacttcgtctactcgattgccggtctgctgggaattaagacaggagcgccctggtggccgttcatctaa,0,1,1,0,1,0,1,0,0,2,1,0,0,2,1,2,0,1,0,0,1,1,1,1,0,0,0,0,1,0,2,1,2,4,2,1,0,1,1,0,2,2,0,1,0,1,0,2,1,2,0,0,0,1,1,0,0,0,2,0,0,2,0,0
Mycobacterium phage Faith1,Duplodnaviria,SEA_FAITH1_74,bacteria,NC_015584,YP_004539018_74,gtggccgttcatctaaaggtttatgccgagaagctaggcacgattaacgcggctgcggagccgttcaagttccccggcggggagctgcatcttaagaacatcctggggccactggacttggatggcgtgacgtggatcgcggacgtacggggagctggtacggacgatctggtgacagcgctgctgctggccgaccacgctgcgcaacagggtcaggcgttcgtgttgttcctgccgtaccttccggctgctcgcgcggaccgggggacgccgttcgggctgcgggtgtacgcggacttgatcaacaactctgcctatgcggagcacgtcattgtcattgatccgcattcgccggtcgctaaccggctggttcggaacatctgcccgcttgagcctctgccgctgctggatagggcgctagagagccagggtcattggcggtacgacggcatcattgcgccggataagggcgcgcgggatcgtgctgaggcggtcgctaaggaatacgggctggacctgtatgtggccgagaaggaccgggattttgttaccggccagattctcgaaattaaggtgcctaacctgcctaggagcgggaagtacctggttgtcgatgatatctgcgacggtggccggacgtttctgatgctggctcacgacacattcctacccaaagagaatatcgacctttgggttacgcacggcattttctccggagctgctaccaacctccggaattactacgggcgcattatgacgaccgactctcaccctgggcataaccgggtgggtgtggctacgtcgattgtgccgacctacacatacatgcaccaggcgatggttgagcttaaggggatagggtga,1,9,10,2,3,4,8,0,0,2,2,0,1,7,4,9,1,6,5,5,1,2,10,4,0,2,11,1,4,2,19,5,2,13,10,9,0,5,14,12,2,8,10,5,1,5,10,7,0,9,0,3,0,1,2,2,1,2,3,0,0,7,3,2
Mycobacterium phage Faith1,Duplodnaviria,SEA_FAITH1_75,bacteria,NC_015584,YP_004539019_75,gtgagcacgaagttcgcgccggttgcggcgctattcgagacggacgcatacaagctgggccacgtcgaccagtacgcgcttagcgggaacgtgacgcgggtgtattccaactacaccaaccgtaagtcgcgcctgccgggcgtcgataaggtcgtgcatttcgggttgcaggcttacatcgctaagcacctgatggaagcttttgaaccgttctttgccacccatgagaacacagtggccgcgctttacgaggagcgtgttgcccagattctcgggccggatgcggcttattcgattgggtcggaccacattcgccagttgcatcggttggggttcctgccgctgcggttctgcgcggtgcctgaggggacgctagtgcctatcggggtgccatcgttcacggtggagaacactcacgagtcgttctactggctgaccaactacatcgagaccggcctgagcgccggggtgtggcaggccagcaccagcgcgaccatcgctaagcagtaccggcgggtgcttgaggccgcggccttgcggaccggctcggacctggcgggcgtcgactggcagtgccatgacttctcttaccggggcatgtcctcgcatgagagcgcggcggcgtcgggcgcggcgcacctgctgagcttcactggtacggactcgctggtctcactcgattggatcgaccgctactacggcggcgattacgtcgcggggtcggtcccggctaccgagcactcggtgatgtgtaccggcattgagacggtcggggagcttgagacgtttaggcggctgctggacctgtacccgaccggcatcgttagcgtcgttagcgacacgttcgacctgtggaaggtgctaaccacgtacctgccgacgctgtataagcagatcgtgggccgggacgggaagctggtcattcggcctgactccggcgatccagagaccatcatttgcggcgacgaaacgaagcctatgggttctccggcgggcatgggtgtcctgggcctgctgtatgagcatttcggcggtaagaagaatcctgccgggttcattgagcttgatccgcacgtgggtgtgatctatggcgactcaatcacgattgagcgcgccgagcgcattacccggcgtatggagcggctgggttacgcgtcgtccaacgtggtgtttggcgtgggcagctatacgtaccagtacaacacgcgcgacacgttcgggtccgcgatgaaagcgacgtgggctgaggtcgacggcaagggctacaacctgcttaagaatccggtgacggacgacggcacgaagaagtctgcgacgggccggttggcggtgttggagaacatctggggcgatctggcgctcaagcagaacgcgtcgattgaggatgagaaggcgagcttgctctgtcccgtttgggagaacggaaagtttctaggccggcaatcatttgcgcaggtcagggacgttttagcgcgtcagtcgtag,1,12,19,2,1,13,20,2,0,11,2,0,0,11,7,10,1,7,12,6,2,1,11,5,0,6,14,4,4,4,24,6,3,20,25,8,1,9,27,7,1,26,13,6,0,13,21,6,0,18,1,6,3,5,14,3,0,3,8,2,1,14,7,6
Mycobacterium phage Faith1,Duplodnaviria,SEA_FAITH1_76,bacteria,NC_015584,YP_004539020_76,atgacgaccttatgggccatgcggggttatcccggctcaggtaaatccaccagggcgcgtgaaatcgctaacgagaccggcgcggttgtcgtgtgtcgtgacgatctgcgcatgatgcttcacggtacctatttctcgggcaagaaagagcttgaggatgaggtcacggtagcggagcgggcgcaggttagcgcgttccttaaggccggtatctcggtcgtggtggacgctacgcatttggagccgtcttatctgcgtaagtgggcgaagatggcgagcatgtacggcgcggagttcaagcgggtcgatatcgagacgcccgctagctactgcatcgtcaatgactttaagcgcggtgaggccggagaccggacggtcggcgcggaagtgattaaccggatggctaagcgtcacccgattaagaactggccgaacattcaggctcccccgacgtttgaccctaagccggtcgaatggatggagggtctgccggaggccatcatcgtggatatcgacggcaccttggcgcacatgacgggccggtcaccgtacgactacacgcaggtccataccgacgtggttgatgagcagattcgttggctggtcggcctggtggactactacggcggtcctaacggtgtccacgtgctgatcgtgtctggtcgggacgattcctgccgggaagcgactcaggaatggttgtggaagaacgccattccttacgacgagctgcacatgcggcctaccggcgctaaggatgagcacggtaacaagctgccggattacctggtcaagtacgacctgttcgaccagaacattcgcggtaagtacaacgtgcggtttgtgttggacgaccgggaccaggttgtgaatctgtggcggtcgttgggccttaagtgcctgcaagttcagccgggggacttctga,2,9,15,2,0,7,8,1,0,3,1,0,0,8,10,6,1,6,8,2,0,3,9,4,0,3,12,5,0,0,12,4,5,17,14,8,0,5,11,6,1,11,1,11,1,11,12,5,0,10,0,3,2,2,3,2,1,3,8,1,1,5,5,3
Mycobacterium phage Faith1,Duplodnaviria,SEA_FAITH1_77,bacteria,NC_015584,YP_004539021_77,atgctcgggctggtgatctttgggttcgtcgctgtggtggttgtgatcgttttcgctagggcgattaaggcgatggatacctacgtggacgacctttactcagaggaggaatctgatggcgagcgcgggtag,0,0,1,0,0,1,0,0,0,0,1,0,0,2,2,1,0,0,0,0,0,0,0,0,0,1,0,0,0,1,1,1,1,2,3,2,0,0,2,2,0,1,3,0,0,1,5,2,0,2,1,0,1,0,0,1,0,0,0,0,0,2,0,1
Mycobacterium phage Faith1,Duplodnaviria,SEA_FAITH1_78,bacteria,NC_015584,YP_004539022_78,atggcgagcgcgggtagctacatagacgtgcgattccacttctccgctgaggaggaggacggctatacgcactacgacctggtttccgctgagcgtatcggcacggacattcctgacgacgcaatgctaggcatcggggagacgctgggccagtccgatcactggaacgtcggcggcgtgggggcgactctggacgccatgacggacggcggtggccctaaggcgctaaggagctactggtga,0,1,1,0,0,0,4,1,0,3,1,0,1,2,3,1,0,3,1,0,0,0,0,2,1,0,0,1,2,0,3,0,0,8,5,1,1,1,4,2,0,8,2,2,0,1,2,1,0,3,0,1,0,3,0,0,1,0,2,0,0,2,0,0
Mycobacterium phage Faith1,Duplodnaviria,SEA_FAITH1_79,bacteria,NC_015584,YP_004539023_79,gtgagtgtcagcattaccggcaacggcatggctatcgccattaccggcaaggtgggccttacctacgaccgcaagaccaaggtgcttgaggttaccggccttaccgagcacgacagggtagttcatcggaccaagaccggcggtgacttgccgtacgagcaatcggtccgtatcgaactcaagtaa,0,1,5,0,0,8,0,0,0,1,1,1,0,2,1,2,1,1,0,1,0,0,1,0,0,1,1,1,0,1,0,3,1,3,3,0,0,1,0,1,0,6,0,1,1,2,3,2,1,2,0,0,0,0,1,0,0,0,0,0,0,0,1,0
Mycobacterium phage Faith1,Duplodnaviria,SEA_FAITH1_80,bacteria,NC_015584,YP_004539024_80,ttggagcacctgctagtagcgcctttcaaacggccaccaatgaccgctaacgatcagcggcgcgcacattgggcggtagtccgaaaggccaagcaagaggtaggggacacggttttctggttggcccggcgggcgggcattaaggacttaggtccgtccgtcgtgtcattcctctggtacacgccaacacggcgcgctaccgattccgattccctcggccctttcgttaaaggggcattagacggattagtgcgggctggcgtttggcctgacgacaactctaagtacgtcaaacaaacgcgcatggcagtaacggatacggatacgaaaaatccacggattgagataaggatttgggaagttggcgacaccggaatcgaactggcgggagctggcggcgtgccagttcattga,4,2,4,1,1,3,6,0,0,0,1,0,1,1,2,3,2,1,1,2,5,0,1,3,1,3,7,0,1,2,2,0,2,6,3,5,3,2,4,4,3,6,2,1,4,3,3,5,0,2,0,0,1,3,0,1,1,0,5,0,3,4,2,0
Mycobacterium phage Faith1,Duplodnaviria,SEA_FAITH1_81,bacteria,NC_015584,YP_004539025_81,ttggcgacaccggaatcgaactggcgggagctggcggcgtgccagttcattgaccccgaaatgttcttccctagcaagggtggatcggcagccgagcctaagcgtgtgtgcaacacgatgtgcgaggttcgggagcaatgcctagaggccgcgatgcgcgaggagtacggcctgggtaagaccctccggttcggggttcgtggcgggttggtgccgaacgccaggcacgcgctggcgatagagcgcggcgaatacgtcggtacggattactgggaagttcacggagaggttgcgtaa,0,3,3,0,1,1,2,0,0,1,1,0,1,0,3,1,1,2,1,0,0,1,2,2,0,2,3,2,1,1,3,0,4,1,9,1,1,3,7,0,2,3,2,3,0,1,2,4,1,3,0,0,0,0,2,0,0,4,2,0,0,4,2,0
Mycobacterium phage Faith1,Duplodnaviria,SEA_FAITH1_82,bacteria,NC_015584,YP_004539026_82,gtgtattcggttaaccagcgcgtcggcgttgaaatgcggttccacgctaaccagatcagccggggtaacgcgttcagcattccggtaacgaatgtgagtggcgtgcgatccaagctcattccggagctggacattcccgacctgccgggagcggcctgcaagggcacggttaccgacgctgacgacgacccgttctttcctaaaaagggagctggcgggcgaaagcagatcgcagaggctcgcgccgtgtgcaacggctgctcggctaagcggaagtgcttagaagcggcgctcaagtgggaccgcgctcatcccgactatttcgaccgcacccaaggtgtttggggtgggacgacggaagcggagcgccaggaaatccttaaggaggaaaacaatgctgcttag,1,5,8,2,0,2,4,0,0,2,0,1,0,3,1,3,1,1,4,1,0,2,4,1,2,5,3,0,0,2,2,1,5,9,4,0,1,2,5,8,2,5,2,3,1,1,4,4,0,0,1,2,0,1,2,0,0,4,2,0,1,4,0,1
Mycobacterium phage Faith1,Duplodnaviria,SEA_FAITH1_83,bacteria,NC_015584,YP_004539027_83,atgctgcttagcaccacgataaagctgaactgcggagttttggagtacgggtttaacccggcgcataactaccacctagtgacggtctcaaagggctgcaccaggggtttccgccgtgacctctacaagtcgccgggcgaggcgatcaacgggctggctccgtaccgcgaggagagccttgaggtcgctgacctgatccgctggctgtcccacttcccgcacgatgcgtag,0,4,3,0,0,2,2,0,0,2,1,0,1,2,1,0,0,3,0,1,0,0,4,0,0,3,0,1,1,1,5,2,0,2,5,1,0,0,3,2,1,2,2,1,0,2,1,1,0,4,1,0,1,1,1,0,0,2,1,0,0,2,1,1
Mycobacterium phage Faith1,Duplodnaviria,SEA_FAITH1_84,bacteria,NC_015584,YP_004539028_84,atgggactagcggagcgttgccgttcggggcgcaggtgcgtcagccgcactccggacggcccggccttggtcgcgctacgtccactgtgcgacggctgcgttaaggacattcagaagtgcctagatgaactcccgacttactccgaattgctcgaaaaatataagggctacgtgcccggttcggtagggcagtcgaaagtcagttcatcggctgagcctaaggctccgttaaacctgacggtcgttgacctgatcggccagattcgcgcggtaatgcaccgggcggatggctaccaggtgcgtgacctcatcacgcttagcggcggcttagaggtagcgcttgatatccgcgaggtctattccaaggctgacgggattatcgggctgcaaagggtgtgggagcggaggcgcgtcccatgtcccgagtgcgctttacccactctcgggggatgggtgggcgaggaccgcatttactgcactaacgcggattgcgggaacgtcttaacgaaagcgcagtacgaagaatattgcgaaatgaaatcaaaggagaaacgtgccaaacgctga,6,3,6,0,0,0,3,4,0,2,3,1,0,4,3,4,1,1,5,0,2,3,4,1,0,7,2,5,3,4,4,2,6,7,8,4,0,2,7,4,2,8,6,1,3,7,4,2,0,5,0,3,2,2,4,0,1,9,2,1,4,0,2,0
Mycobacterium phage Faith1,Duplodnaviria,SEA_FAITH1_85,bacteria,NC_015584,YP_004539029_85,gtgccaaacgctgaaattcagattcagggcaaccttaccgctgatccggaattgcggttccttgagtcgggcgtggccgtcgctcagttctccgtggcgtctacgcctcgggttaagaagggcgacgagtgggtggacggtgagacggtgttcctccgtaccactgtgtggcgcgagctggctgagggtgccgctgaggccctgcgtaagggtgactctgttgtggtgatcggcaagctcaagcagcggtcgtttgagacccgcgagggtgagaagcggtccgtgtttgaaatcgacggcgagttcgtcgggaagaacgttcgtaagcgtcgggagaacaacggcggcggctatcagtctgccgctaacgacgctcccgcctggtaa,0,6,8,0,0,3,2,1,0,0,0,0,0,2,0,2,0,0,5,0,1,1,1,1,0,2,5,4,0,2,2,2,3,5,11,1,0,5,1,7,0,8,1,4,0,2,9,3,1,0,0,1,0,2,2,3,0,0,3,0,0,4,1,2
Mycobacterium phage Faith1,Duplodnaviria,SEA_FAITH1_86,bacteria,NC_015584,YP_004539030_86,atgtctcacgagaaaacttccgttgtgctgcgaaagatcgacaaggccgcgcgagtgcgaggtcttactttcgagattcgacggcccggcggtaatcacaccatttacgacttggacggtctgatggtcactatccctaacggctctaaggtcacgcgggttgaggccacttaccggcaattgcaggacaaacttggaaagggctggtggcggcattga,2,1,4,1,0,1,1,4,0,0,0,0,0,2,2,2,1,2,1,1,0,1,0,1,4,0,4,0,0,0,2,2,0,4,3,0,0,2,1,0,1,3,0,3,0,2,2,2,0,2,0,0,0,1,0,2,1,0,2,0,0,1,2,0
Mycobacterium phage Faith1,Duplodnaviria,SEA_FAITH1_87,bacteria,NC_015584,YP_004539031_87,ttgacgtggcgcaaggttcttaaggtaatcgaccggattttgtggggtgtagaggggcggtgggttaagtga,0,0,3,0,0,0,1,0,0,0,0,0,0,1,0,1,0,0,0,0,0,0,0,0,0,1,2,0,0,0,0,1,0,1,1,0,0,0,0,0,0,0,1,1,2,0,0,2,0,0,0,0,0,0,0,0,1,0,3,0,0,0,2,0
Mycobacterium phage Faith1,Duplodnaviria,SEA_FAITH1_88,bacteria,NC_015584,YP_004539032_88,gtgagctttgacgctccggagaacgctaactacgcggcgacaatcgttaagttgccgcaggggcttctcctagagggtctggacaacctagtcggcgtgccaatgttcggctaccaggcgctcacccaaaaggagggctacgagctgggcgcgctgcgggtgctgttcatggccgagactcagcttgataccgagtacgcgcgggaaaacaacctgttccgtgaggccacgctgaaccgggacgcgagcgagaccggctacctagagccgaatgcccgcgttaaggcgctccggctgcgtaagcaccagtcggacgcgctgctgatgccggtggagtcgctggcctataccggctacgacgtgtcgacgctcaagccgggcgacacgttcgacaagctgaacggccacacgatctgccggaagtacgtcccgaagggtaagaagcaggccacgcagggtcagcccaaggtgcgtaagcaggttgacgagaagctgttcccgaagcacctggatacggtgcatctgttccggaacttgcactacttccgcgacgaccggcgggttgttgtgacgcagaagttgcacggcactagctggcgcggcggcaatatcccggtcaaccggactaaggggcgctttgagcggttcctgaatcgtctgggcatcgtcactccggataccgagtacaagcacgtatacgggtctcggaacgtggttaagggccggtcggagaacaaccactactacgacaccgacctgtgggcgaagttcggcgagaagcttgagggcaagattccggagaacttcatcatttacggcgagttggtcggttgggttagtaaggatgagccgattcagcggggttacacgtacaacctgccgccgggcgagtgtgagctttacgtctaccgcgtggtcacggtgaaccctaagggtgttatcgcggacctgtcgtgggagggcgttaaggacttctgccggtcactggaccttaagactgcgccggagctgcgtaactacaacattcagcttccggacgatctagaggacaagctgttcactgagtatttcgctcgtgaatacctggatatccggtactgcgaccaggttatgtcgaacggtgaatcccggttccctgaggctattccgctgagtgaccgtaagaccgttgacgagggtgtctgcgtccgtattgagggccagattccgcacgtttttaaggctaagtctccgaagtttttggagcacgagactaagcagttggataagggagaggttgaccttgagtcggtggcttaa,0,18,32,3,1,7,9,7,0,3,0,2,0,7,4,7,1,9,14,1,1,1,18,2,0,5,16,8,4,4,24,7,3,21,32,7,0,5,11,6,1,19,3,8,1,9,12,13,1,20,0,2,1,1,7,2,0,4,4,1,0,14,6,4
Mycobacterium phage Faith1,Duplodnaviria,SEA_FAITH1_89,bacteria,NC_015584,YP_004539033_89,ttgagtcggtggcttaaggccattgtcgcgggtgccgcagtgttggcagctttcgggctgtcagcctgcggctctggcgcgccagccaatacatacaagcaggaattgccagacggtcgcaccgttcagtgcgttacgagtggccccgctattagctgcgattggagcaatgctaagtga,0,0,3,2,1,1,1,0,0,2,0,2,0,0,0,2,0,0,2,0,2,1,0,0,0,1,1,0,0,0,1,1,1,1,0,1,2,4,2,3,0,3,1,2,0,1,1,2,0,1,0,0,1,0,0,1,1,3,2,0,0,1,3,0
Mycobacterium phage Faith1,Duplodnaviria,SEA_FAITH1_90,bacteria,NC_015584,YP_004539034_90,gtgatgaacgatacggtcattaaggaccgcttcaaggatgctttcaaggcagccaagctgcgtgaggttgaggctaaggccgaccttgcggagttgcagaccggccaggcgcagcgggccgagcgtcatttcctggcgacggacgacatggttcatcagcactacttcattggtgctgtggactctaagaacgtcgctgagtgcgcgcagcaccttgagttctggcaccggctggacccgacgtgcgacatgaacgtggagattcactccggcggcgggtcgtgcctcgcgggcctgagcctgttcgacaacctgacgcgctacagcttgcggggcggtggtcagcacaaggtgaccatgactgttcggggcttggccgcgagcatggcgacggtcctggtgcaggctgccgacgaacgcgttatcggccctgagtcgttcttcatggttcacgaactgtccggcaacacggcgggcaagatcggtgagcttgaggacacgatggcgttctaccggaagctcaatacgcgtatcggtgagatttacgttgagcggtccggtggtaagtgctctgccgagaagttcgcggcgctgtggacgcgccaggacgtgtggcttaacgctcaggaggctttcgatttgggcttcgtggatcggattgagggggagtag,0,6,11,1,0,2,9,1,0,3,0,0,0,3,7,5,0,6,9,2,0,0,1,1,0,4,7,3,0,2,9,4,2,11,16,4,1,6,11,7,0,10,2,7,0,3,7,6,0,4,1,0,0,3,2,2,0,4,3,0,0,12,4,0
Mycobacterium phage Faith1,Duplodnaviria,SEA_FAITH1_91,bacteria,NC_015584,YP_004539035_91,gtgagcgttaaggctccgacgttgaatggccgtaaaggcgactacgcggtgcagccgcatgaggtggcgcgcgctaaggtgctgccgaccgcgctgggggagggtgaggtactgacccttaccgacgctgagcggaaggccgcgcgtaaggctatcggtcagattcacgccaacctggacgtgaagctgcaagccgtgctggacgccattaatcacgtgcggtctaacgatccggtggggacgctgcgtaagaacagcaagggtgtgtacgcgttctcattcgagccgggtaagtggctgctgatcgacgtggataagcccgcctaccgggccgctgagtcgcctgctgataacgcggcgatccagaactcttgggagctggtggtttccggctag,1,5,9,2,0,3,2,0,0,2,0,0,0,3,0,2,1,2,3,1,0,1,5,1,0,1,3,3,0,0,10,1,0,5,7,3,0,6,7,6,0,3,2,4,1,0,11,2,0,3,1,0,1,1,1,2,0,0,2,0,0,2,1,0
Mycobacterium phage Faith1,Duplodnaviria,SEA_FAITH1_92,bacteria,NC_015584,YP_004539036_92,gtggtcaattacttgtcggggttgttcgtgggcgcggtcgttggggccgcgctcacggtctacctgttcgccagcgggaagttctcaatcacgcctgagggggacgagtga,0,0,1,1,0,0,2,0,0,1,0,0,0,1,0,0,0,0,0,0,0,0,0,1,0,0,0,0,0,1,1,0,0,1,2,0,0,2,2,0,0,1,4,0,0,3,2,1,0,2,0,0,1,0,1,0,1,0,0,0,0,3,2,0
Mycobacterium phage Faith1,Duplodnaviria,SEA_FAITH1_93,bacteria,NC_015584,YP_004539037_93,gtgagttacacattgctagcggggtcgtctaacgggctggccctggttagccatccggacggcggggtgttccgctacaacttcgggcgtccggacggcatcatcttctaccagaacgcagaccacctagaggcgtttaaccctggtgacaatctgctgtgggactactacggtcgcaagttcgacacgctcgactcgctgcgggtctggtggacctacaaccggaccggcagtggctaa,0,5,1,1,1,2,1,0,0,1,0,2,0,2,0,0,0,1,1,1,0,0,2,1,0,2,2,1,2,1,5,0,0,7,1,0,1,1,2,0,0,4,4,2,0,1,2,1,1,6,0,0,0,0,2,1,0,0,3,0,0,4,1,1
Mycobacterium phage Faith1,Duplodnaviria,SEA_FAITH1_94,bacteria,NC_015584,YP_004539038_94,gtggctaagtggccgtggcctgcggacactaaggacgaccggtaccgcaggatcattgaccattaccggtcggccctagcggagattgacctagaggcgtgcctagtggtcgataagaagatggcagagtacgggcagccttgggtgtccgataactcgattatcgacgtgaacgaaatgctgagcgctaagcaactgtctgagcggttcggcatttcggagtgggacgtgcgcaactgggctaagcgtcatcctgacaagatcaggcggcataaagctgctaacggtcggacgctattccgcgtcggggacgtgctcacttatcacgcaacccgctag,1,4,7,0,0,1,1,2,0,1,2,0,0,3,2,4,1,1,1,3,0,0,1,3,0,4,5,1,4,1,2,0,1,9,5,2,2,1,3,5,0,1,2,1,0,2,6,0,0,3,1,1,0,1,3,1,0,1,5,0,0,2,0,0
Mycobacterium phage Faith1,Duplodnaviria,SEA_FAITH1_95,bacteria,NC_015584,YP_004539039_95,atgtgggctgatattcctattccagaacttaaggggtaccaggccagcgaccaaggcaagattcgcggccctcgcaaggaactgtctgagtggcccgacgagcggggctgtatgcgcgttaaagcggctgggaggccgtgggcggtacatctgctcatgttgctgacgttcgttggccctaggcccgatggggcggctccaaagtggctcaatggcgaccccactgacaaccggctggtcaatctcaagtggcatatgccggacgatccagaggttcagacgcgggtcaatcgttgccgcaatggtcacgtgtactcacgagaaaacacaaaggtatggggttcgggtcaccgggtttgccttgattgcgagaagggcgtccctaaggtgattcagcttccggaagtgatttag,1,2,8,4,1,0,2,1,0,1,2,0,0,0,4,5,1,2,3,2,3,3,3,4,1,4,4,1,0,3,4,3,4,5,4,4,0,1,3,3,0,6,3,3,2,3,3,4,0,2,1,0,1,0,1,1,0,3,6,1,0,1,1,0
Mycobacterium phage Faith1,Duplodnaviria,SEA_FAITH1_96,bacteria,NC_015584,YP_004539040_96,gtgaagccatctgactatgcgtggttggcgttactttgcgcgattgtcggatatgagattgcggcaccgcctggcgagcttcttagtgagggctgggaccgctacttgcagaggtttccgattggcgcgcgtgttctgccgctggtggtgaccttgcatgtgattaatgcgctgcctgaacgctatgacccggttcaccggttgtctgtgctgttcgcggcgcttgggggaaaaattgaccgatccaaaggaagtgcttga,2,0,1,1,0,1,0,0,0,0,1,2,0,0,0,5,0,1,1,1,1,0,4,2,1,2,1,1,0,0,4,4,1,4,3,0,1,0,8,1,3,3,1,0,0,1,5,2,0,1,0,3,0,1,0,2,1,1,2,0,1,1,4,1
Mycobacterium phage Faith1,Duplodnaviria,SEA_FAITH1_97,bacteria,NC_015584,YP_004539041_97,ttgaccgatccaaaggaagtgcttgagcatctagaggccgagaaggctgctaaggccgttaagcgtgacgcgatcaacccagagcattacaaagatggttggtcggatggcgctgagctgatcagcattactgagaacttgactagttcgggtgggcaggctgtgcagtacattgcacgcgctacgcgactggataccagtaagaacaaaggtaagaactcgcttgagtggattcaagacctagagaaggccaagtggttccttgaccgggagattaagcgtctccgtggcaagaccgccatgccagtcaagccggtcctactcggtgagcagacgtacaacattaacgtcgggccgaacgcagtcgactacatgcgcgctatggctgccactaagcaccctcgggcgttcgcatga,2,7,12,0,0,3,2,3,0,1,0,2,0,2,3,5,1,1,3,2,3,0,2,1,1,2,2,3,3,2,2,3,1,4,10,4,3,5,2,7,0,2,2,4,0,4,2,1,0,4,0,0,0,0,3,0,1,0,3,0,0,2,2,0
Mycobacterium phage Faith1,Duplodnaviria,SEA_FAITH1_98,bacteria,NC_015584,YP_004539042_98,atgagcgcccgcgtcctgatcctggacattgagacgcagcgggccatcgttgagacgttcggcttgtttaagcagttcgtcggcattgaccaggtgcaggtgcctacacgcgttctgtgctgggctgctaagtggcgcggcgaggatcgcgtcatgtttaaggccgcttgggacgatcacgacgaggccgcttatcgctccatgatgcaagtcatgtgggatgcgatggatagcgccgatatcgtcgtgacgtggaacggtgaccgtttcgacctgcaatggcttgaggctgagttcctgcgcctaggtatgggccgtccgacgccgtataagtcggttgacttgattaagtcggtgcgccgctggtttaagggcgggctgatgagcatgaagctcgattggtcgtcccgaatcatccttaaggaccgcaaggttcatcacggagggagtgacctctggtgggatattaggcacggcactaaggctgagaagcgagccgcgcagaagattatgcgcgagtacaacgagcatgacgttcgtttgactgggcggctgtttgagcatcacttgccgtatttgaacctgaacctcgctttgtatgaggagacggtggacgacggcgttgagcgttgcgttaagtgcaatagcgagaacttgaagaaagacggcgtgaaggcttacgtcactacggcgggtgtttatcagatgctccgctgtaaggactgtggtggcacgtcgcgtggtaagcggattcgtgggacgacagaattgaggccggtttaa,1,5,17,1,2,0,8,3,0,4,2,1,0,5,11,6,2,4,6,3,0,0,4,1,2,11,3,6,1,4,8,2,1,14,14,7,0,6,3,8,1,9,4,5,0,6,6,9,1,2,0,5,0,2,4,0,0,3,10,2,0,4,8,4
Mycobacterium phage Faith1,Duplodnaviria,SEA_FAITH1_99,bacteria,NC_015584,YP_004539043_99,atgaagccagttcagcagcctaataagctgcaccagatgatcgtgagtgcgctgcttgataacaagcaggtgtatgtgcccgcgcctaagggtgtggacggtcctggtcattggcggggcacgttggcgaataacgtgtcggacctgaatattgatcgcgcggctaagcggtggcttaagtga,0,2,6,3,0,0,1,0,0,0,0,1,0,1,2,1,0,1,4,1,1,1,0,3,0,1,2,0,0,0,3,2,0,2,0,2,0,0,4,1,0,1,0,3,0,0,5,1,0,0,0,1,0,0,1,0,1,0,2,0,0,0,1,0
Mycobacterium phage Faith1,Duplodnaviria,SEA_FAITH1_100,bacteria,NC_015584,YP_004539044_100,atgccggggaatttgaggaagaagggtgggactggtaagactgagcgtgattaccttagggcgcgtaagcgcgtactgaggcagtctcagatttgcgcactcccaacctgccgaaaggcaattgacctcaacctcaagtcggtctgccagttcgtggatacgagcaagtacacggcagagaccgcgcatttgattcctttggactgcggccctgattgccggaagcttaagcactatcgcaagagcaatccgtggggtccgtccgctaaccataaaatctcggtggcttcgttgccgccggattcaccactgttggcgtccgtcaagaatcttgagcctatgcacttgaagtgcaaccaggaacttggcgacagtaaaaacgctaagcctcgaaataagacttcgagagattggttcgcatag,2,4,14,4,0,2,2,3,1,2,3,1,0,1,2,3,0,2,4,2,2,0,5,4,2,2,1,2,0,3,2,4,1,3,3,5,4,0,3,3,0,2,2,3,1,2,2,0,0,2,1,1,1,2,4,1,0,6,2,0,0,2,6,0
Mycobacterium phage Faith1,Duplodnaviria,SEA_FAITH1_101,bacteria,NC_015584,YP_004539045_101,gtgtcggataattcttcgcccgacgaccagggcaatatcatggtcgcggagctgcgcatcgttcagtatatcgacggtgacggcacccttaataccgtggatttgtctcaggggccgggtggcgctgagcttgaggatgaggcgtattcgcagttgctcgattgggcgcgtgcgttcacgttggctcctaaggttgcggcgattctcgctgatgagtga,0,0,1,3,0,2,1,0,0,0,0,0,0,3,1,1,0,0,4,0,0,1,1,1,0,1,0,1,0,2,1,2,0,4,5,5,0,0,6,3,0,3,1,2,0,1,2,2,0,0,0,2,0,0,3,2,1,0,1,0,0,1,3,0
Mycobacterium phage Faith1,Duplodnaviria,SEA_FAITH1_102,bacteria,NC_015584,YP_004539046_102,atgagtgaggtttacacgtcggaggttttcgcgcgctgtttggagtgtgacgatccgatccggctgggcgatgagattactgagtatgcgggggagctgtttcatgccgagtgcgtttga,0,0,0,0,0,0,1,1,0,0,0,1,0,1,1,1,0,0,0,1,0,0,1,0,0,1,1,0,0,0,2,0,0,1,7,2,0,1,2,0,0,1,1,0,0,0,0,3,0,1,0,1,0,0,1,0,1,1,0,2,0,1,1,1
Mycobacterium phage Faith1,Duplodnaviria,SEA_FAITH1_103,bacteria,NC_015584,YP_004539047_103,atggagttcaaagctaagtgttgcgcgccgggacacgacttgtgcgatccgtgctgtgtgtgcggggagccggagggcattaacgaccggcctgaccttgcgccgccgtcgaatccggttccgtcgcgtgttaagcggaagatcaataatccttggccgcaggagaagcgcggttga,1,1,4,3,0,0,0,0,0,0,0,0,0,1,1,1,0,1,1,0,0,0,8,2,0,1,2,1,0,0,0,1,0,3,4,1,0,0,2,1,1,1,1,1,0,0,1,2,0,0,0,0,0,0,2,0,1,4,1,2,0,1,1,0
Mycobacterium phage Faith1,Duplodnaviria,SEA_FAITH1_105,bacteria,NC_015584,YP_004539048_104,atggctgaaattgagaaagacccgatcaaggtgtccaaagacaagcttgacgttgtgcaggaacttcgggatcgcaaggcatggcctaaagaggaagtgccggagcaggctaagaagcccgctaaggtcggtaacgcgtaa,3,1,6,0,0,0,0,0,0,0,0,0,0,1,1,1,0,0,2,0,0,1,2,1,0,1,1,0,0,0,0,2,3,3,3,1,1,0,1,3,0,0,0,1,0,1,3,1,1,0,0,0,0,1,0,0,0,0,1,0,0,0,0,0
Mycobacterium phage Faith1,Duplodnaviria,SEA_FAITH1_109,bacteria,NC_015584,YP_004539049_105,atgaaggcgaattgccagggaatcctcggatggatcttcggccacaagttcaagttcgtgctgggcgactatgactatgacagtgaccactgcacccgctgtgggatgcccaagggtggatggactacctga,0,0,4,1,0,2,0,1,0,0,0,1,0,2,2,0,0,2,1,0,0,1,0,0,0,1,0,0,0,1,1,0,0,4,0,0,0,0,1,0,3,2,1,1,0,0,1,0,0,0,0,2,0,0,0,0,1,2,2,1,0,3,0,0
Mycobacterium phage Faith1,Duplodnaviria,SEA_FAITH1_115,bacteria,NC_015584,YP_004539050_106,gtgtctaaggtgcttagcctttacggcacgcggtcatctaagtattggtcggaggctccggcgaagatggacgcgctgaatctgcgtgcgatcttcccgtcgagcaaccagttcggtttccctgatcttgagcggtgcgattgggtgcctgattacttgggggcgtggcatctgccgcgtcagcgggagcgtgcagctcgggagaacggcgcgatccacttctttttggacgactaccgttttgagacggcgtttacaagccctgagaggacgctggggcgagttacagcggtcggtggtgccctgacgccggatttcagtttgtggcgcgatatgccgcgtgcagcgcagctttggaacgtgtaccggtcccggtggtgtggcgcgtactggcagagccagggcgtgaaggtcattcctacggcctgctgggcacgctcagacacgttcgacttctgctttgagggtctgcctcggggcgggcctgtggctgtgtcagcggtcggtgtgcgggcgaagcctgaggatcaagcgttgttccgtgagggcctggccgcgatggttgagcgccttgagccgagcgtcttgcttagttacgggcggcttgtgcatgtggagggtttagacctgccgcctgtgcgggagtttccgacgttctgggatgagcgccgtaaggcggttaacgcttag,0,4,6,1,2,0,7,0,0,5,1,2,0,2,3,1,1,1,5,2,0,0,8,8,1,4,10,7,0,0,8,7,0,6,14,7,3,3,14,4,0,6,4,6,0,4,11,3,0,6,1,1,3,1,2,2,0,3,9,1,1,9,5,5
Mycobacterium phage Faith1,Duplodnaviria,SEA_FAITH1_116,bacteria,NC_015584,YP_004539051_107,gtgatgggcggtcgcggtggtggtggcggtggcccggttagttcccggtcgtccacggtgacgctgtatcacaggacttctgcgagtgcggcgcgtgacattgttgatcgtgggtttcagccgcagtatcggcctggcatggataagtcttatcgggatgagaactcgcagtatgggttctttactaagacggttaagggccaggagggttacggccagagtgttgtggctgtggaggttccgaagtctgctgttgagcgtgatccgtggtcgggtcatgttcgggtgaaggtggaggagcttagaaacgcaaacttccggcactatgagggtaagcgccggaagaagcgatcttaa,0,3,8,0,0,0,3,2,1,0,1,3,0,0,2,1,0,2,5,1,0,0,4,1,1,2,6,3,0,0,1,1,0,1,7,4,1,0,3,2,0,6,2,8,0,0,6,7,1,1,0,5,0,2,3,4,0,0,1,0,0,2,0,2
Mycobacterium phage Faith1,Duplodnaviria,SEA_FAITH1_118,bacteria,NC_015584,YP_004539052_108,atgagcagcaaccacgacgacctcgaacccggctgggccgggctgggccggttcctgtggcccgtagccgtatatgccaaggtcaagggctatttcatgcgcaagggcatcatcaagccgaacgactgggacgatgagcgcccatag,0,2,4,0,0,0,0,0,0,2,0,0,0,2,2,0,0,1,0,0,1,2,1,0,0,2,1,0,0,1,2,0,1,4,1,1,0,3,0,0,0,4,1,0,2,1,0,0,0,0,1,2,0,0,0,0,0,0,3,0,0,2,0,0
Mycobacterium phage Faith1,Duplodnaviria,SEA_FAITH1_119,bacteria,NC_015584,YP_004539053_109,atgtgggcagtctggatgaaagacgccatagatgacgaccggttcgtcttagacgggcttaaccacgataaggcgagcagtcttgtccggaacctacagggcatcctgcccgattcagttgtatggatggaggaagaatga,1,2,1,0,0,0,0,0,0,1,0,1,1,1,3,0,0,1,1,0,0,1,0,0,0,0,2,0,1,0,1,2,2,4,1,3,1,1,1,0,0,1,1,0,1,3,0,1,0,0,0,0,1,0,0,0,1,0,3,0,1,1,0,0
Mycobacterium phage Faith1,Duplodnaviria,SEA_FAITH1_121,bacteria,NC_015584,YP_004539054_110,atgccacgccctaacggccaattcctcatcactctcgtctgcacaatggacctagacaagtggatagaggactttaagctagccggaccactcaccgctaagaccttcatacgggaactagccgccgaggcagtacagcaccaaatcgagaagcacggccacgcagccagcgtgacgcttaagcgccaataa,0,1,5,0,1,2,1,1,0,1,0,0,2,2,2,0,3,3,1,0,2,0,0,1,0,2,1,0,3,3,0,1,1,3,3,0,2,4,0,1,1,2,0,0,1,1,1,0,1,0,0,0,0,0,0,0,0,1,1,0,0,2,0,1
Mycobacterium phage Faith1,Duplodnaviria,SEA_FAITH1_123,bacteria,NC_015584,YP_004539055_111,atgagcaacgacaccaagcaagacatgatcagcgacattatggaactgctcaacgctcccgttgaaccgctacaccccgacctcgctggttacctccacatggacggcccgctcggcgcacccatgctcaagcacccgcttgtgttcaacatgttccacaccgaacgggagaacgcccgcgtcaacgcctgctacgaaggcaagcgagacgccctacacaaggcattccgcgaatgcaactggaccagctacgtgttcctgcatgagcgcccgtaccggctcgacgcgttcacaatgatcaaggaccgcatcaccagcaacgatgcctactggccgctacttggcctgatctggaccgactcagagaacatctgggagaaccggggcgcatggtatcggcggctaaccgaacctaggcggatcacggaccgccagaccctcatgtccgtcagcgactacaacacgctgcgcgacctgcccagctcagtcgaggtctaccggggcttcaacgacgacggagacgcagagggcctgtcatggaccctcaacgccgccaaggctcgctggttcgcaacccgctacgaccagaccggcgcgaccgttgcgaccggcaccgtcgaccgtgacgacgtgatcgcctatttcagtagccggggcgaggacgagattgtcgtactgccggagaacgtgcagaacatgaccctccggagcgtctaa,0,14,6,0,1,14,2,0,0,8,1,1,0,7,9,2,1,5,3,1,0,4,6,1,1,8,9,1,4,9,7,2,6,20,9,1,5,7,3,3,1,10,0,1,1,7,4,2,1,8,0,2,3,1,0,0,0,2,7,0,0,8,0,0
Mycobacterium phage Faith1,Duplodnaviria,SEA_FAITH1_124,bacteria,NC_015584,YP_004539056_112,atgactagcgcgaagctcctaagcaaaaccattggcgtcggcccatgccgggtctgcggtaagggcaccagcttacttaagacgcacatctgcccgcgctgcgccgccaagcgtgagcgcccgttcgctatcgacgttaaaccgactaagcccgcttag,2,0,5,0,0,2,1,2,0,3,0,0,0,2,1,1,0,1,0,0,1,1,3,0,0,2,1,1,1,1,0,1,0,1,1,0,0,2,1,2,0,3,0,1,0,2,0,1,0,0,1,0,0,0,0,0,0,4,0,0,1,1,0,0
Mycobacterium phage Faith1,Duplodnaviria,SEA_FAITH1_125,bacteria,NC_015584,YP_004539057_113,atgactaagtgcgacgtgtgcggcgtggctatcgaactaactccgtcgccatacctaacctactgcgtcgactgctttaaggacttgcccgatgactag,0,0,2,0,0,1,0,2,0,0,0,0,0,1,1,0,0,0,0,0,1,1,1,0,0,0,0,0,2,0,0,0,1,4,0,1,0,0,0,1,0,1,0,0,0,1,2,0,0,2,1,0,0,0,1,0,0,4,0,0,0,0,1,1
Mycobacterium phage Faith1,Duplodnaviria,SEA_FAITH1_126,bacteria,NC_015584,YP_004539058_114,gtgacggaaggtgctgcaatggttgactgcgtggatcacaaccacactgacgagctgggagcctgcgagggcgtagtgagcctctacgcgtccctgtccggctcaggcgagtcgtacccgcgctgtgagcgtcactaccggctgtacgtcgaacgcgtgcaaccgcaaatcgacgccatccgcagggactaccccgacaccgaccagccgccagactggttcgacccgacctatgcgggtgaaaggtggaacgaagatgactaa,0,2,0,0,0,2,1,1,0,1,2,0,0,2,1,0,2,3,1,0,1,1,4,0,0,3,1,1,0,1,3,0,4,9,4,2,1,2,2,1,1,3,0,2,1,1,4,1,1,5,0,1,1,2,1,0,0,2,2,1,0,1,0,0
Mycobacterium phage Faith1,Duplodnaviria,SEA_FAITH1_127,bacteria,NC_015584,YP_004539059_115,atgcgtatgcagcgttacgaggacaaggaacgcgacctcaagcggagcgttatcacattcgactcattcgatgacctgctaacccacaaccgcgagggcaccgaccatcgctctaagcacatggacgacccgtcgttctacggggttaagaacatgcaggaagccgaccagctcggccagaagggtttgcctaaggctggcatcgaggcgatcaacctcgcggagcacaaggtggctctaatggcaggcgacctgtaccggcccgcatatgacgagtaccacgacacagccggggcattcgttgacatggggcgctacatgcagggcgaacctgagtgcatggtggacttcacacccaccgaggagccgggccagaacaagatcgtggcgctcatccttaacatcacgtacaactgggcgattagcgctaaggcgattaaggaaaacggccaggccatgtttgccttggtcgaggccatcgaaaccgccgggatgcaggctgaaatttgggtcgacatgtacgtgcgtggcttcggtagcaattaccgtgcccgtaccgcagtgcggcttaagaaagccggtgagccgttcgacgtgtccatgttcatgtacgcgcttacgcacaactcattcctgcgcgctcacctgttcaacgcgatgcactcacacgataaagatgtgcgcgaagcttgcggcattcacccacagggtgggtacggttcgtgcatcaacaacgcgtccgacatggaggactttcctccgtactcgatttacattccctgcatttcccacgactcgcaggccggtaagttcgtgcccgccgtgctgcgccagctcggcctcatgaagtag,2,11,13,1,3,5,2,0,0,3,0,0,0,8,16,7,0,10,11,1,1,4,4,3,0,7,3,5,2,6,5,3,7,18,11,3,4,10,8,6,0,10,5,6,0,2,9,3,0,12,1,1,3,3,4,1,0,4,2,0,0,11,2,2
Mycobacterium phage Faith1,Duplodnaviria,SEA_FAITH1_128,bacteria,NC_015584,YP_004539060_116,ttgtatgtgccgtgtacagtgagtgacatgagcaacgacagctaccgcgccctggtcctccgtcctgacggcacccgcgagacagtcaccattccgcgtgaccacagcgaactccgcaccctgcaaggcatcgtcggcgggtacatcgagggcgtgtacggctggaccagcgaggacgcgcaagcgttcgatgtgaccttcatggtccattcagaaggtaaactcttgaatcagccggtgaacgtccaggcgacagctctgtggtggagcttcaatcctggcgctcgcggcgtcgaccgcctgcgcggcgtggttgtggtgaccggtggcgcagacggggagggcaacaccctggccgtccccaatcaggtggtcgaagtggtggagcgggcgggggagtaa,1,3,0,3,3,7,0,0,0,5,0,1,0,2,2,1,2,1,3,1,0,1,3,2,0,6,1,2,0,3,5,0,3,7,6,1,1,2,4,2,0,10,3,2,0,8,11,1,1,3,0,1,1,0,0,0,0,0,3,1,0,3,2,0
Mycobacterium phage Faith1,Duplodnaviria,SEA_FAITH1_129,bacteria,NC_015584,YP_004539061_117,atggtttctgacgccacactgctttccatagccgcccgtaccgaggcgattatcgctgagactgtggcgctgtacgacgccatacgtgacgctaaagaaaacggttattcgtacaacgagctagaacaagcaactaagttcacgcgtggaaccttgcagaacatcgccgccggtaagaacccgcgactctcaatagaagatcgttgttga,1,4,2,0,1,2,1,2,0,0,0,0,3,2,1,1,1,0,1,0,0,0,1,0,1,0,0,4,1,1,2,1,3,3,3,1,1,6,2,2,1,0,0,2,0,0,1,1,0,2,0,1,1,1,1,1,1,0,0,1,0,1,1,0
Mycobacterium phage Faith1,Duplodnaviria,SEA_FAITH1_130,bacteria,NC_015584,YP_004539062_118,gtgcctagctttctcccagacatacccgacagcgccgcagcactcatgctccgacaggagcggcaacgcctgacacaagagcgcatccgcctagtgcgcgagatagagcacaaccaacagcgcatcgacgcaatcgacgcgcgcctaagggaggttaacgatggagagcgtgtactctccgagcatggtttctga,0,2,0,0,1,0,0,0,0,2,1,0,2,3,1,0,3,1,2,1,1,1,0,1,1,6,1,1,2,4,1,0,0,4,7,1,3,1,1,0,1,0,0,1,1,0,2,1,0,0,0,0,0,1,0,0,1,0,0,0,0,1,0,1
Mycobacterium phage Faith1,Duplodnaviria,SEA_FAITH1_131,bacteria,NC_015584,YP_004539063_119,atgagcgcattcacgaagtggattgacaccttcctagacgagaagggcgtagacctaaaccacacgttcaccatcgacacccccggccaccagtgggaaacccacttcatccccgtctctgtcgtggtcgaggtagccaagggcgtgtccgcgtccgagcagctacagatcaagaacacgctggtcagactggacgtttgcaaccagccggtgctcccctacttcgagcacctagctaaggcactcgcagaagccgtggactag,0,3,5,0,0,4,3,0,1,1,0,0,0,3,1,1,0,4,4,0,0,3,1,0,0,0,0,0,4,2,2,0,2,6,4,0,3,2,1,1,0,3,0,0,2,4,4,1,0,1,1,0,0,2,0,1,0,1,2,0,0,5,0,0
Mycobacterium phage Faith1,Duplodnaviria,SEA_FAITH1_132,bacteria,NC_015584,YP_004539064_120,atgttggcgtggcaagagcaagcccgagcgatctggaacgtcgtcatggtgtccctcatggtcggaggaacacccgtcatcggataccaccccacacagccgcccatgttcggcgtgaaactaccggaggactga,1,1,0,0,2,0,0,0,0,0,0,0,0,2,4,0,2,1,1,0,0,3,2,0,1,0,0,0,1,1,0,0,0,1,2,0,0,1,2,0,3,1,0,0,0,4,2,0,0,1,0,0,0,1,0,0,1,0,2,0,0,1,1,0
Mycobacterium phage Faith1,Duplodnaviria,SEA_FAITH1_133,bacteria,NC_015584,YP_004539065_121,atgagcaccgccaaaatcaagtgggtcagcccgactggactgactgtcatctacgaggacgggaccatcgtgttcccagacgagccgcacccgcagctcccattcaaggacacgtccaaccgaggcaagttcggcctcaagggcgcggtccaggccgcgatggacgacaccgaggcagacgacgcgctagcgatggcgagctga,1,1,4,0,0,3,1,2,0,3,0,0,0,3,3,0,0,1,2,0,2,0,3,0,1,0,0,0,1,2,1,0,0,7,3,0,1,2,5,0,1,3,1,0,0,3,1,0,0,1,0,0,0,1,0,0,1,0,1,0,0,3,0,0
Mycobacterium phage Faith1,Duplodnaviria,SEA_FAITH1_134,bacteria,NC_015584,YP_004539066_122,atgggcggtcgcggtggcggcggtaccggtggcggtaaaggcggcggtaagggtggagatagtgacctaacggttgataagcgccccgctgtggatgctgctgctgagaagcacagtgacccgaatgctgcggctgatgcgcttggccttacgggttccgataaggaacatttcgtgaatggcgctaacgctgagggtaagcggattccgcgcattggccgtgatgacagcaagaccattaagccagcggacgcggccaagttgatcgctgcacataaggctgctgtggctgcgtatgagcgcaagtacgggcgtggtgcggctcaggtgtactcgcgcggtgcgtactggtcgctggtgcggtttatcaagacggttatggctgtgtcgtccacggtcacgcaggcgggtagtgctccggcgttggcggctgtgaacgcggcgatggtcgctgcgtattgggtggatcgtgcgaagcgttaa,1,2,12,2,0,2,5,0,0,1,0,3,0,2,3,3,0,1,2,2,1,1,3,0,0,5,2,4,1,0,1,2,1,4,3,7,1,1,14,17,1,9,1,12,0,2,8,2,1,3,0,2,0,2,3,0,0,0,2,0,0,1,2,1
Mycobacterium phage Faith1,Duplodnaviria,SEA_FAITH1_135,bacteria,NC_015584,YP_004539067_123,atgaaggtcacgaaccacggcaatatcatccaccacacctacggcagccttgcagagttcgccgaataccagcggacccacaaggcttacgacatggctaagcgcagcgcagcggataaccgcgcgttctccggtgttgccagcattaacgaggcttgcgacaaggcactagccggactgccagaagagggtgtgagggtactggatacgtcccggtcccttaccgatagcgccatgcgccaggtcagcgcgtatgacatggatagcacgtatgacgtggccggtgcctacgttgatatgggacgtttcgttaccggtgagcctgagtgcatgattcaagccacgtttgacgaggtacccgttacccgtcccgttgtgaccatcgttagcaatatcaacgcgtcaggtgggattgataaggacgatctgcgggagcgtggccggttgatcgtggcactgattaaggcagtcgaaacgtcgggccggtcaacagagctgtggaccgactcaaccaaccaagcacgtgataagtaccgtgaccggattgacgagtatttccgcattagcgtcaagatcaagtctgccgatcagccgctagatatgggagcggttatgtacgcgttcacagacccgtctatgttgcgcgttctcaaattcaacgcaatgcacgcgctacctaagtcccaatatggcaagtacagcgttgggcacggctacggctgtgtggttcgtgagtcggtaaaggttcctgagacctacggtgagggagcggtttacctgccagcggttcacctatcggataacgcaaccgagaccgtgacgaacgttctacgggacttaggtattgcctag,1,8,12,2,2,11,6,0,0,9,1,0,0,6,10,7,3,7,3,0,2,2,2,3,0,5,7,6,5,1,6,2,3,11,13,11,8,9,9,3,4,7,2,7,3,4,6,14,0,10,1,4,3,4,3,2,0,2,1,1,1,6,2,1
Mycobacterium phage Faith1,Duplodnaviria,SEA_FAITH1_136,bacteria,NC_015584,YP_004539068_124,atgaccgttaccagcctgaccaagctttcgcagcggaccctgcgcaccggttgccctaagtgccataacgagggaccgttctacctggccgctgacgagaccggtgttgagcacttggttatcaaaaaccagctcactaaggcagccgcacagggtgagtccatcccggctcagttcctgcacgtgtgcatcgaaacctacgggaccaatggcaacggtaacgagaccggcggccagggcaccggcaccgagaccgtgcagaccgagaccggtaccgagaccgtcaacactcagggcacggctaccgagaccgtttcgaccagcggcaagggtgacgctgacgaaatggccgcgctgcgtgaactgttgcttaaggtgctcggtaagcagcagcttgacgagacccagattgaagcgatcatttcgcgcaaaatggatgagtacgtttacccgacgcgtacgtacgtgcagaccgagaccgagacccgcgagattgaaggtgtgacccacaagcaatttggtgacattctcgcggccatcgctagcggtgaaaacgtgcagctggtcggtggtcccggcgtcggcaagactcacgtttgcgagcaagttgctgaagcgcttgaccgtgatttttacgtggtcaactttcacttgcagagcacagcgtcagagcttaagggttacatgtccgctaccggcgaatacgtgcctacggcggtctacgattgggcaaccaatcctgagggcggcgttctcctgtgcgacgaggtagaccgcgcgcacgccggtatcctggccggtctcaattccatcctgtctaaccggtttttggcgctccccaatcgtgagattgtgcggctcaataagaaccatgtgattctggccgctacgaacacgtggggtatgggtccgacgtgggaatacccggcagctcagaagttcagcgctgagttcatggatcggtttatcgcaatggaaattgagattgataccgatatcgaaatggcagccgcgatggctaagggtgctcccgtcgacgtgaccaagcgtgcagttgcctacgtgcagcgcgtgcgggagaacgtcaagcgtgaggctgtgaccggtgtggttatttcaccgcgtgcgtcccagaagatggccgcattgctggcgcaaaatgtcgattgggataaggcagtcgcttggacgctgcgtaaggggatggacgacgctacctggcgtaaggtttgcgcctag,2,11,18,6,1,30,8,3,0,5,0,0,0,9,11,9,3,6,16,2,0,3,6,3,0,5,5,9,0,7,13,5,11,11,23,8,9,11,11,15,1,12,2,19,1,9,15,11,0,11,1,0,2,4,3,1,0,6,6,0,0,4,5,5
Mycobacterium phage Faith1,Duplodnaviria,SEA_FAITH1_137,bacteria,NC_015584,YP_004539069_125,atgaacgccaacctacgcgcatacattgcgcataccgctaaggcgcatggctggactgtggttaagccaaagccggacccgatagacaagcgacgcggcgttaccagcgttctgtacatgcgcggcaatatgcgtatccaagtgggctggcgcggcccatatgacattgatacggcagtgcgcgacttctgcggcccgacagaacggtttgcgtacggcacagcgcaggacaaagcactggccgtccaaggctggctagtgcgttag,1,2,4,1,2,2,1,1,0,1,0,0,1,1,3,2,2,0,1,2,2,0,3,0,1,5,1,2,2,0,2,0,1,5,0,1,3,2,4,1,0,8,0,0,0,1,4,3,0,3,1,1,0,0,0,0,0,1,3,0,0,1,0,1
Mycobacterium phage Faith1,Duplodnaviria,SEA_FAITH1_138,bacteria,NC_015584,YP_004539070_126,atgtctcagatcaacgtcaccacagaacacagcctcacagcgcgcggcgttcggaacctggcgctactcatcacgctaggcgcagcgttggccgcgctggcgctgcactggcctacgggggacacggctagcgctcccgtactgcgctgcacagtgaccaatgtggacggtcacgtgttcctagacgattgcgacacgtacagcgacgacgagaccgggaccgggcgatga,0,2,0,1,3,4,4,0,0,3,0,0,0,2,1,0,0,3,1,0,0,1,0,1,1,2,1,0,3,2,4,0,1,6,1,1,1,1,5,2,0,2,3,1,1,1,3,1,0,1,0,0,0,0,0,1,1,2,1,0,0,1,1,0
Mycobacterium phage Faith1,Duplodnaviria,SEA_FAITH1_139,bacteria,NC_015584,YP_004539071_127,atgcctgagcactacatatttgagtcacgcaagggccgcgactttatcgaggtgcgagacctactgactaatgcgcaagtgcaagcactagaagcgcgcaatgctgaccctcacagcattggtaagcaccgcgcaaaccaaccaccacacaccacaaccacctaa,0,1,2,2,1,3,0,1,0,1,0,0,1,1,1,1,3,4,0,0,2,0,0,2,1,4,0,0,2,0,1,0,1,3,3,0,2,0,2,1,0,1,0,1,0,0,2,0,1,1,0,0,1,0,0,0,0,0,0,0,0,0,0,2
Mycobacterium phage Faith1,Duplodnaviria,SEA_FAITH1_140,bacteria,NC_015584,YP_004539072_128,atgtctgattacgtcactcacttgctcaacaccattgccgatatcgaggctgaccgcgctaaggcgtacgcacaagcggactgcctagccacgcttaaagagctggttggtgtcccacacaacggcactgagtacgcagaccacagtgaccctgacaccatgcctagcgctgacgacgtggccgaaatgatcgtgtgggcggataccgctaaggacgaacaatcgtttgcgcgcttcatggagcgtgccaatgggttgcttgaccgcgcttacatgtcctcacgcgtcggctacgcacagtcggccatcgagaccgctaagcgtgccctggcagtcgctagggacgattacgcaaccggcgaggctaaccacgtgatcggcgaggcaacacgcttgattgaccggctcaacaattcctacgcagcggctaagggacgttactaa,1,4,4,2,1,5,1,2,0,1,1,1,0,4,5,2,2,4,1,0,1,0,0,2,0,5,1,3,1,2,2,2,2,11,7,4,7,6,5,9,1,4,1,1,0,4,3,1,1,8,0,0,1,2,2,1,0,1,1,0,0,1,3,1
Mycobacterium phage Faith1,Duplodnaviria,SEA_FAITH1_141,bacteria,NC_015584,YP_004539073_129,gtggctgtgagccggtgttctgtgtgccctggctgtgtggctgtgcggctgtgtgcagcgcgtgcggctaagcgctggctggctgtgtgcagcgttctgaaaagctgctcggttcctaacccatag,1,1,1,0,0,0,0,0,0,3,0,0,0,0,0,0,0,0,0,0,1,0,0,2,0,1,2,1,0,0,3,0,0,0,0,0,1,0,2,4,0,1,0,0,0,0,6,2,0,0,1,0,0,0,1,1,0,3,1,3,0,0,0,0
