host,wtcodon,mutcodon,mut_aa,fitness_class,n,tot,perc
Human,AAA,AAG,Lys,B,1,271,0.3690036900369
Human,AAA,AAG,Lys,D,64,271,23.6162361623616
Human,AAA,AAG,Lys,N,206,271,76.0147601476015
Human,AAC,AAT,Asn,D,129,150,86
Human,AAC,AAT,Asn,L,1,150,0.666666666666667
Human,AAC,AAT,Asn,N,20,150,13.3333333333333
Human,AAG,AAA,Lys,B,7,161,4.34782608695652
Human,AAG,AAA,Lys,D,12,161,7.45341614906832
Human,AAG,AAA,Lys,N,142,161,88.1987577639752
Human,AAT,AAC,Asn,B,3,124,2.41935483870968
Human,AAT,AAC,Asn,D,2,124,1.61290322580645
Human,AAT,AAC,Asn,N,119,124,95.9677419354839
Human,ACA,ACC,Thr,B,1,268,0.373134328358209
Human,ACA,ACC,Thr,D,113,268,42.1641791044776
Human,ACA,ACC,Thr,L,4,268,1.49253731343284
Human,ACA,ACC,Thr,N,150,268,55.9701492537313
Human,ACA,ACG,Thr,B,2,268,0.746268656716418
Human,ACA,ACG,Thr,D,95,268,35.4477611940299
Human,ACA,ACG,Thr,N,171,268,63.8059701492537
Human,ACA,ACT,Thr,B,1,268,0.373134328358209
Human,ACA,ACT,Thr,D,52,268,19.4029850746269
Human,ACA,ACT,Thr,N,215,268,80.2238805970149
Human,ACC,ACA,Thr,B,3,106,2.83018867924528
Human,ACC,ACA,Thr,D,12,106,11.3207547169811
Human,ACC,ACA,Thr,L,1,106,0.943396226415094
Human,ACC,ACA,Thr,N,90,106,84.9056603773585
Human,ACC,ACG,Thr,D,13,106,12.2641509433962
Human,ACC,ACG,Thr,L,10,106,9.43396226415094
Human,ACC,ACG,Thr,N,83,106,78.3018867924528
Human,ACC,ACT,Thr,D,83,106,78.3018867924528
Human,ACC,ACT,Thr,N,23,106,21.6981132075472
Human,ACG,ACA,Thr,B,2,64,3.125
Human,ACG,ACA,Thr,D,3,64,4.6875
Human,ACG,ACA,Thr,L,1,64,1.5625
Human,ACG,ACA,Thr,N,58,64,90.625
Human,ACG,ACC,Thr,B,1,64,1.5625
Human,ACG,ACC,Thr,D,19,64,29.6875
Human,ACG,ACC,Thr,L,5,64,7.8125
Human,ACG,ACC,Thr,N,39,64,60.9375
Human,ACG,ACT,Thr,B,1,64,1.5625
Human,ACG,ACT,Thr,D,14,64,21.875
Human,ACG,ACT,Thr,N,49,64,76.5625
Human,ACT,ACA,Thr,B,1,84,1.19047619047619
Human,ACT,ACA,Thr,D,10,84,11.9047619047619
Human,ACT,ACA,Thr,N,73,84,86.9047619047619
Human,ACT,ACC,Thr,B,3,84,3.57142857142857
Human,ACT,ACC,Thr,D,8,84,9.52380952380952
Human,ACT,ACC,Thr,N,73,84,86.9047619047619
Human,ACT,ACG,Thr,D,7,84,8.33333333333333
Human,ACT,ACG,Thr,L,5,84,5.95238095238095
Human,ACT,ACG,Thr,N,72,84,85.7142857142857
Human,AGA,AGG,Arg,B,1,218,0.458715596330275
Human,AGA,AGG,Arg,D,72,218,33.0275229357798
Human,AGA,AGG,Arg,L,1,218,0.458715596330275
Human,AGA,AGG,Arg,N,144,218,66.0550458715596
Human,AGA,CGA,Arg,D,66,218,30.2752293577982
Human,AGA,CGA,Arg,L,3,218,1.37614678899083
Human,AGA,CGA,Arg,N,149,218,68.348623853211
Human,AGC,AGT,Ser,D,62,68,91.1764705882353
Human,AGC,AGT,Ser,N,6,68,8.82352941176471
Human,AGG,AGA,Arg,B,6,80,7.5
Human,AGG,AGA,Arg,D,2,80,2.5
Human,AGG,AGA,Arg,N,72,80,90
Human,AGG,CGG,Arg,D,25,80,31.25
Human,AGG,CGG,Arg,L,7,80,8.75
Human,AGG,CGG,Arg,N,48,80,60
Human,AGT,AGC,Ser,B,3,56,5.35714285714286
Human,AGT,AGC,Ser,D,1,56,1.78571428571429
Human,AGT,AGC,Ser,N,52,56,92.8571428571429
Human,ATA,ATC,Ile,B,1,170,0.588235294117647
Human,ATA,ATC,Ile,D,44,170,25.8823529411765
Human,ATA,ATC,Ile,L,19,170,11.1764705882353
Human,ATA,ATC,Ile,N,106,170,62.3529411764706
Human,ATA,ATT,Ile,B,3,170,1.76470588235294
Human,ATA,ATT,Ile,D,24,170,14.1176470588235
Human,ATA,ATT,Ile,L,6,170,3.52941176470588
Human,ATA,ATT,Ile,N,137,170,80.5882352941177
Human,ATC,ATA,Ile,B,2,150,1.33333333333333
Human,ATC,ATA,Ile,D,22,150,14.6666666666667
Human,ATC,ATA,Ile,L,4,150,2.66666666666667
Human,ATC,ATA,Ile,N,122,150,81.3333333333333
Human,ATC,ATT,Ile,D,121,150,80.6666666666667
Human,ATC,ATT,Ile,L,3,150,2
Human,ATC,ATT,Ile,N,26,150,17.3333333333333
Human,ATT,ATA,Ile,B,3,120,2.5
Human,ATT,ATA,Ile,D,8,120,6.66666666666667
Human,ATT,ATA,Ile,N,109,120,90.8333333333333
Human,ATT,ATC,Ile,B,6,120,5
Human,ATT,ATC,Ile,D,5,120,4.16666666666667
Human,ATT,ATC,Ile,N,109,120,90.8333333333333
Human,CAA,CAG,Gln,B,2,124,1.61290322580645
Human,CAA,CAG,Gln,D,38,124,30.6451612903226
Human,CAA,CAG,Gln,L,1,124,0.806451612903226
Human,CAA,CAG,Gln,N,83,124,66.9354838709677
Human,CAC,CAT,His,D,49,56,87.5
Human,CAC,CAT,His,N,7,56,12.5
Human,CAG,CAA,Gln,B,1,80,1.25
Human,CAG,CAA,Gln,D,5,80,6.25
Human,CAG,CAA,Gln,N,74,80,92.5
Human,CAT,CAC,His,B,5,78,6.41025641025641
Human,CAT,CAC,His,D,2,78,2.56410256410256
Human,CAT,CAC,His,N,71,78,91.025641025641
Human,CCA,CCC,Pro,D,78,172,45.3488372093023
Human,CCA,CCC,Pro,L,1,172,0.581395348837209
Human,CCA,CCC,Pro,N,93,172,54.0697674418605
Human,CCA,CCG,Pro,B,1,172,0.581395348837209
Human,CCA,CCG,Pro,D,72,172,41.8604651162791
Human,CCA,CCG,Pro,L,1,172,0.581395348837209
Human,CCA,CCG,Pro,N,98,172,56.9767441860465
Human,CCA,CCT,Pro,B,3,172,1.74418604651163
Human,CCA,CCT,Pro,D,44,172,25.5813953488372
Human,CCA,CCT,Pro,L,5,172,2.90697674418605
Human,CCA,CCT,Pro,N,120,172,69.7674418604651
Human,CCC,CCA,Pro,D,6,54,11.1111111111111
Human,CCC,CCA,Pro,L,1,54,1.85185185185185
Human,CCC,CCA,Pro,N,47,54,87.037037037037
Human,CCC,CCG,Pro,D,5,54,9.25925925925926
Human,CCC,CCG,Pro,L,3,54,5.55555555555556
Human,CCC,CCG,Pro,N,46,54,85.1851851851852
Human,CCC,CCT,Pro,D,43,54,79.6296296296296
Human,CCC,CCT,Pro,N,11,54,20.3703703703704
Human,CCG,CCA,Pro,N,18,18,100
Human,CCG,CCC,Pro,D,4,18,22.2222222222222
Human,CCG,CCC,Pro,L,1,18,5.55555555555556
Human,CCG,CCC,Pro,N,13,18,72.2222222222222
Human,CCG,CCT,Pro,D,1,18,5.55555555555556
Human,CCG,CCT,Pro,N,17,18,94.4444444444444
Human,CCT,CCA,Pro,B,1,48,2.08333333333333
Human,CCT,CCA,Pro,D,3,48,6.25
Human,CCT,CCA,Pro,N,44,48,91.6666666666667
Human,CCT,CCC,Pro,B,2,48,4.16666666666667
Human,CCT,CCC,Pro,D,3,48,6.25
Human,CCT,CCC,Pro,N,43,48,89.5833333333333
Human,CCT,CCG,Pro,D,2,48,4.16666666666667
Human,CCT,CCG,Pro,L,2,48,4.16666666666667
Human,CCT,CCG,Pro,N,44,48,91.6666666666667
Human,CGA,AGA,Arg,B,1,28,3.57142857142857
Human,CGA,AGA,Arg,D,3,28,10.7142857142857
Human,CGA,AGA,Arg,N,24,28,85.7142857142857
Human,CGA,CGC,Arg,D,7,28,25
Human,CGA,CGC,Arg,N,21,28,75
Human,CGA,CGG,Arg,D,10,28,35.7142857142857
Human,CGA,CGG,Arg,N,18,28,64.2857142857143
Human,CGA,CGT,Arg,B,1,28,3.57142857142857
Human,CGA,CGT,Arg,D,7,28,25
Human,CGA,CGT,Arg,L,2,28,7.14285714285714
Human,CGA,CGT,Arg,N,18,28,64.2857142857143
Human,CGC,CGA,Arg,D,5,28,17.8571428571429
Human,CGC,CGA,Arg,L,1,28,3.57142857142857
Human,CGC,CGA,Arg,N,22,28,78.5714285714286
Human,CGC,CGG,Arg,B,1,28,3.57142857142857
Human,CGC,CGG,Arg,D,6,28,21.4285714285714
Human,CGC,CGG,Arg,L,5,28,17.8571428571429
Human,CGC,CGG,Arg,N,16,28,57.1428571428571
Human,CGC,CGT,Arg,D,21,28,75
Human,CGC,CGT,Arg,N,7,28,25
Human,CGG,AGG,Arg,L,2,14,14.2857142857143
Human,CGG,AGG,Arg,N,12,14,85.7142857142857
Human,CGG,CGA,Arg,D,1,14,7.14285714285714
Human,CGG,CGA,Arg,N,13,14,92.8571428571429
Human,CGG,CGC,Arg,D,1,14,7.14285714285714
Human,CGG,CGC,Arg,L,1,14,7.14285714285714
Human,CGG,CGC,Arg,N,12,14,85.7142857142857
Human,CGG,CGT,Arg,D,3,14,21.4285714285714
Human,CGG,CGT,Arg,L,1,14,7.14285714285714
Human,CGG,CGT,Arg,N,10,14,71.4285714285714
Human,CGT,CGA,Arg,D,3,22,13.6363636363636
Human,CGT,CGA,Arg,L,1,22,4.54545454545455
Human,CGT,CGA,Arg,N,18,22,81.8181818181818
Human,CGT,CGC,Arg,B,4,22,18.1818181818182
Human,CGT,CGC,Arg,N,18,22,81.8181818181818
Human,CGT,CGG,Arg,D,3,22,13.6363636363636
Human,CGT,CGG,Arg,L,2,22,9.09090909090909
Human,CGT,CGG,Arg,N,17,22,77.2727272727273
Human,CTA,CTC,Leu,D,28,110,25.4545454545455
Human,CTA,CTC,Leu,L,5,110,4.54545454545455
Human,CTA,CTC,Leu,N,77,110,70
Human,CTA,CTG,Leu,B,1,110,0.909090909090909
Human,CTA,CTG,Leu,D,24,110,21.8181818181818
Human,CTA,CTG,Leu,N,85,110,77.2727272727273
Human,CTA,CTT,Leu,D,19,110,17.2727272727273
Human,CTA,CTT,Leu,L,4,110,3.63636363636364
Human,CTA,CTT,Leu,N,87,110,79.0909090909091
Human,CTA,TTA,Leu,D,98,110,89.0909090909091
Human,CTA,TTA,Leu,N,12,110,10.9090909090909
Human,CTC,CTA,Leu,B,2,108,1.85185185185185
Human,CTC,CTA,Leu,D,12,108,11.1111111111111
Human,CTC,CTA,Leu,L,3,108,2.77777777777778
Human,CTC,CTA,Leu,N,91,108,84.2592592592593
Human,CTC,CTG,Leu,D,9,108,8.33333333333333
Human,CTC,CTG,Leu,L,19,108,17.5925925925926
Human,CTC,CTG,Leu,N,80,108,74.0740740740741
Human,CTC,CTT,Leu,B,1,108,0.925925925925926
Human,CTC,CTT,Leu,D,77,108,71.2962962962963
Human,CTC,CTT,Leu,L,1,108,0.925925925925926
Human,CTC,CTT,Leu,N,29,108,26.8518518518519
Human,CTG,CTA,Leu,B,3,138,2.17391304347826
Human,CTG,CTA,Leu,D,9,138,6.52173913043478
Human,CTG,CTA,Leu,N,126,138,91.304347826087
Human,CTG,CTC,Leu,B,1,138,0.72463768115942
Human,CTG,CTC,Leu,D,27,138,19.5652173913043
Human,CTG,CTC,Leu,L,5,138,3.6231884057971
Human,CTG,CTC,Leu,N,105,138,76.0869565217391
Human,CTG,CTT,Leu,D,22,138,15.9420289855072
Human,CTG,CTT,Leu,L,6,138,4.34782608695652
Human,CTG,CTT,Leu,N,110,138,79.7101449275362
Human,CTG,TTG,Leu,D,113,136,83.0882352941177
Human,CTG,TTG,Leu,L,1,136,0.735294117647059
Human,CTG,TTG,Leu,N,22,136,16.1764705882353
Human,CTT,CTA,Leu,B,2,60,3.33333333333333
Human,CTT,CTA,Leu,D,7,60,11.6666666666667
Human,CTT,CTA,Leu,L,2,60,3.33333333333333
Human,CTT,CTA,Leu,N,49,60,81.6666666666667
Human,CTT,CTC,Leu,B,3,60,5
Human,CTT,CTC,Leu,D,5,60,8.33333333333333
Human,CTT,CTC,Leu,N,52,60,86.6666666666667
Human,CTT,CTG,Leu,B,1,60,1.66666666666667
Human,CTT,CTG,Leu,D,8,60,13.3333333333333
Human,CTT,CTG,Leu,L,2,60,3.33333333333333
Human,CTT,CTG,Leu,N,49,60,81.6666666666667
Human,GAA,GAG,Glu,B,6,330,1.81818181818182
Human,GAA,GAG,Glu,D,103,330,31.2121212121212
Human,GAA,GAG,Glu,L,2,330,0.606060606060606
Human,GAA,GAG,Glu,N,219,330,66.3636363636364
Human,GAC,GAT,Asp,D,128,157,81.5286624203822
Human,GAC,GAT,Asp,L,1,157,0.636942675159236
Human,GAC,GAT,Asp,N,28,157,17.8343949044586
Human,GAG,GAA,Glu,B,2,151,1.32450331125828
Human,GAG,GAA,Glu,D,7,151,4.63576158940397
Human,GAG,GAA,Glu,L,1,151,0.662251655629139
Human,GAG,GAA,Glu,N,141,151,93.3774834437086
Human,GAT,GAC,Asp,B,4,108,3.7037037037037
Human,GAT,GAC,Asp,D,4,108,3.7037037037037
Human,GAT,GAC,Asp,N,100,108,92.5925925925926
Human,GCA,GCC,Ala,B,1,182,0.549450549450549
Human,GCA,GCC,Ala,D,40,182,21.978021978022
Human,GCA,GCC,Ala,L,4,182,2.1978021978022
Human,GCA,GCC,Ala,N,137,182,75.2747252747253
Human,GCA,GCG,Ala,D,51,182,28.021978021978
Human,GCA,GCG,Ala,N,131,182,71.978021978022
Human,GCA,GCT,Ala,B,6,182,3.2967032967033
Human,GCA,GCT,Ala,D,29,182,15.9340659340659
Human,GCA,GCT,Ala,N,147,182,80.7692307692308
Human,GCC,GCA,Ala,B,5,132,3.78787878787879
Human,GCC,GCA,Ala,D,4,132,3.03030303030303
Human,GCC,GCA,Ala,L,1,132,0.757575757575758
Human,GCC,GCA,Ala,N,122,132,92.4242424242424
Human,GCC,GCG,Ala,B,1,132,0.757575757575758
Human,GCC,GCG,Ala,D,9,132,6.81818181818182
Human,GCC,GCG,Ala,L,20,132,15.1515151515152
Human,GCC,GCG,Ala,N,102,132,77.2727272727273
Human,GCC,GCT,Ala,B,1,132,0.757575757575758
Human,GCC,GCT,Ala,D,104,132,78.7878787878788
Human,GCC,GCT,Ala,L,1,132,0.757575757575758
Human,GCC,GCT,Ala,N,26,132,19.6969696969697
Human,GCG,GCA,Ala,B,2,32,6.25
Human,GCG,GCA,Ala,D,2,32,6.25
Human,GCG,GCA,Ala,N,28,32,87.5
Human,GCG,GCC,Ala,D,4,32,12.5
Human,GCG,GCC,Ala,L,1,32,3.125
Human,GCG,GCC,Ala,N,27,32,84.375
Human,GCG,GCT,Ala,D,3,32,9.375
Human,GCG,GCT,Ala,N,29,32,90.625
Human,GCT,GCA,Ala,B,2,102,1.96078431372549
Human,GCT,GCA,Ala,D,6,102,5.88235294117647
Human,GCT,GCA,Ala,N,94,102,92.156862745098
Human,GCT,GCC,Ala,B,4,102,3.92156862745098
Human,GCT,GCC,Ala,D,2,102,1.96078431372549
Human,GCT,GCC,Ala,N,96,102,94.1176470588235
Human,GCT,GCG,Ala,D,16,102,15.6862745098039
Human,GCT,GCG,Ala,L,14,102,13.7254901960784
Human,GCT,GCG,Ala,N,72,102,70.5882352941177
Human,GGA,GGC,Gly,B,3,314,0.955414012738854
Human,GGA,GGC,Gly,D,64,314,20.3821656050955
Human,GGA,GGC,Gly,L,20,314,6.36942675159236
Human,GGA,GGC,Gly,N,227,314,72.2929936305732
Human,GGA,GGG,Gly,D,115,312,36.8589743589744
Human,GGA,GGG,Gly,L,2,312,0.641025641025641
Human,GGA,GGG,Gly,N,195,312,62.5
Human,GGA,GGT,Gly,B,2,314,0.636942675159236
Human,GGA,GGT,Gly,D,69,314,21.9745222929936
Human,GGA,GGT,Gly,L,34,314,10.828025477707
Human,GGA,GGT,Gly,N,209,314,66.5605095541401
Human,GGC,GGA,Gly,B,2,76,2.63157894736842
Human,GGC,GGA,Gly,D,5,76,6.57894736842105
Human,GGC,GGA,Gly,L,1,76,1.31578947368421
Human,GGC,GGA,Gly,N,68,76,89.4736842105263
Human,GGC,GGG,Gly,B,1,76,1.31578947368421
Human,GGC,GGG,Gly,D,9,76,11.8421052631579
Human,GGC,GGG,Gly,L,7,76,9.21052631578947
Human,GGC,GGG,Gly,N,59,76,77.6315789473684
Human,GGC,GGT,Gly,D,62,76,81.5789473684211
Human,GGC,GGT,Gly,L,2,76,2.63157894736842
Human,GGC,GGT,Gly,N,12,76,15.7894736842105
Human,GGG,GGA,Gly,B,3,100,3
Human,GGG,GGA,Gly,D,5,100,5
Human,GGG,GGA,Gly,N,92,100,92
Human,GGG,GGC,Gly,B,2,100,2
Human,GGG,GGC,Gly,D,15,100,15
Human,GGG,GGC,Gly,L,6,100,6
Human,GGG,GGC,Gly,N,77,100,77
Human,GGG,GGT,Gly,B,3,100,3
Human,GGG,GGT,Gly,D,26,100,26
Human,GGG,GGT,Gly,L,4,100,4
Human,GGG,GGT,Gly,N,67,100,67
Human,GGT,GGA,Gly,D,2,58,3.44827586206897
Human,GGT,GGA,Gly,N,56,58,96.551724137931
Human,GGT,GGC,Gly,B,1,58,1.72413793103448
Human,GGT,GGC,Gly,D,3,58,5.17241379310345
Human,GGT,GGC,Gly,N,54,58,93.1034482758621
Human,GGT,GGG,Gly,B,3,58,5.17241379310345
Human,GGT,GGG,Gly,D,4,58,6.89655172413793
Human,GGT,GGG,Gly,L,2,58,3.44827586206897
Human,GGT,GGG,Gly,N,49,58,84.4827586206897
Human,GTA,GTC,Val,B,2,54,3.7037037037037
Human,GTA,GTC,Val,D,8,54,14.8148148148148
Human,GTA,GTC,Val,L,4,54,7.40740740740741
Human,GTA,GTC,Val,N,40,54,74.0740740740741
Human,GTA,GTG,Val,B,1,54,1.85185185185185
Human,GTA,GTG,Val,D,14,54,25.9259259259259
Human,GTA,GTG,Val,N,39,54,72.2222222222222
Human,GTA,GTT,Val,D,3,54,5.55555555555556
Human,GTA,GTT,Val,N,51,54,94.4444444444444
Human,GTC,GTA,Val,B,1,98,1.02040816326531
Human,GTC,GTA,Val,D,16,98,16.3265306122449
Human,GTC,GTA,Val,L,3,98,3.06122448979592
Human,GTC,GTA,Val,N,78,98,79.5918367346939
Human,GTC,GTG,Val,B,1,98,1.02040816326531
Human,GTC,GTG,Val,D,7,98,7.14285714285714
Human,GTC,GTG,Val,L,16,98,16.3265306122449
Human,GTC,GTG,Val,N,74,98,75.5102040816327
Human,GTC,GTT,Val,D,77,98,78.5714285714286
Human,GTC,GTT,Val,N,21,98,21.4285714285714
Human,GTG,GTA,Val,B,7,182,3.84615384615385
Human,GTG,GTA,Val,D,17,182,9.34065934065934
Human,GTG,GTA,Val,N,158,182,86.8131868131868
Human,GTG,GTC,Val,B,3,182,1.64835164835165
Human,GTG,GTC,Val,D,56,182,30.7692307692308
Human,GTG,GTC,Val,L,4,182,2.1978021978022
Human,GTG,GTC,Val,N,119,182,65.3846153846154
Human,GTG,GTT,Val,B,2,182,1.0989010989011
Human,GTG,GTT,Val,D,48,182,26.3736263736264
Human,GTG,GTT,Val,L,4,182,2.1978021978022
Human,GTG,GTT,Val,N,128,182,70.3296703296703
Human,GTT,GTA,Val,B,2,100,2
Human,GTT,GTA,Val,D,11,100,11
Human,GTT,GTA,Val,N,87,100,87
Human,GTT,GTC,Val,B,8,100,8
Human,GTT,GTC,Val,D,6,100,6
Human,GTT,GTC,Val,N,86,100,86
Human,GTT,GTG,Val,B,2,100,2
Human,GTT,GTG,Val,D,14,100,14
Human,GTT,GTG,Val,L,11,100,11
Human,GTT,GTG,Val,N,73,100,73
Human,TAC,TAT,Tyr,D,68,86,79.0697674418605
Human,TAC,TAT,Tyr,L,1,86,1.16279069767442
Human,TAC,TAT,Tyr,N,17,86,19.7674418604651
Human,TAT,TAC,Tyr,B,2,58,3.44827586206897
Human,TAT,TAC,Tyr,D,1,58,1.72413793103448
Human,TAT,TAC,Tyr,N,55,58,94.8275862068966
Human,TCA,TCC,Ser,D,57,128,44.53125
Human,TCA,TCC,Ser,L,2,128,1.5625
Human,TCA,TCC,Ser,N,69,128,53.90625
Human,TCA,TCG,Ser,B,1,128,0.78125
Human,TCA,TCG,Ser,D,52,128,40.625
Human,TCA,TCG,Ser,N,75,128,58.59375
Human,TCA,TCT,Ser,D,26,128,20.3125
Human,TCA,TCT,Ser,L,3,128,2.34375
Human,TCA,TCT,Ser,N,99,128,77.34375
Human,TCC,TCA,Ser,B,2,56,3.57142857142857
Human,TCC,TCA,Ser,D,8,56,14.2857142857143
Human,TCC,TCA,Ser,L,1,56,1.78571428571429
Human,TCC,TCA,Ser,N,45,56,80.3571428571429
Human,TCC,TCG,Ser,D,5,56,8.92857142857143
Human,TCC,TCG,Ser,L,9,56,16.0714285714286
Human,TCC,TCG,Ser,N,42,56,75
Human,TCC,TCT,Ser,D,45,56,80.3571428571429
Human,TCC,TCT,Ser,N,11,56,19.6428571428571
Human,TCG,TCA,Ser,D,1,18,5.55555555555556
Human,TCG,TCA,Ser,N,17,18,94.4444444444444
Human,TCG,TCC,Ser,D,3,18,16.6666666666667
Human,TCG,TCC,Ser,L,4,18,22.2222222222222
Human,TCG,TCC,Ser,N,11,18,61.1111111111111
Human,TCG,TCT,Ser,D,3,18,16.6666666666667
Human,TCG,TCT,Ser,N,15,18,83.3333333333333
Human,TCT,TCA,Ser,B,1,58,1.72413793103448
Human,TCT,TCA,Ser,D,7,58,12.0689655172414
Human,TCT,TCA,Ser,N,50,58,86.2068965517241
Human,TCT,TCC,Ser,B,4,58,6.89655172413793
Human,TCT,TCC,Ser,D,2,58,3.44827586206897
Human,TCT,TCC,Ser,N,52,58,89.6551724137931
Human,TCT,TCG,Ser,D,4,58,6.89655172413793
Human,TCT,TCG,Ser,L,3,58,5.17241379310345
Human,TCT,TCG,Ser,N,51,58,87.9310344827586
Human,TGC,TGT,Cys,D,47,62,75.8064516129032
Human,TGC,TGT,Cys,N,15,62,24.1935483870968
Human,TGT,TGC,Cys,B,4,52,7.69230769230769
Human,TGT,TGC,Cys,D,3,52,5.76923076923077
Human,TGT,TGC,Cys,N,45,52,86.5384615384615
Human,TTA,CTA,Leu,B,4,84,4.76190476190476
Human,TTA,CTA,Leu,D,2,84,2.38095238095238
Human,TTA,CTA,Leu,N,78,84,92.8571428571429
Human,TTA,TTG,Leu,B,2,84,2.38095238095238
Human,TTA,TTG,Leu,D,17,84,20.2380952380952
Human,TTA,TTG,Leu,N,65,84,77.3809523809524
Human,TTC,TTT,Phe,D,85,110,77.2727272727273
Human,TTC,TTT,Phe,L,6,110,5.45454545454545
Human,TTC,TTT,Phe,N,19,110,17.2727272727273
Human,TTG,CTG,Leu,B,7,128,5.46875
Human,TTG,CTG,Leu,D,4,128,3.125
Human,TTG,CTG,Leu,N,117,128,91.40625
Human,TTG,TTA,Leu,B,2,128,1.5625
Human,TTG,TTA,Leu,D,11,128,8.59375
Human,TTG,TTA,Leu,L,1,128,0.78125
Human,TTG,TTA,Leu,N,114,128,89.0625
Human,TTT,TTC,Phe,B,6,90,6.66666666666667
Human,TTT,TTC,Phe,D,2,90,2.22222222222222
Human,TTT,TTC,Phe,N,82,90,91.1111111111111
Mosquito,AAA,AAG,Lys,B,4,271,1.4760147601476
Mosquito,AAA,AAG,Lys,D,55,271,20.2952029520295
Mosquito,AAA,AAG,Lys,L,1,271,0.3690036900369
Mosquito,AAA,AAG,Lys,N,211,271,77.859778597786
Mosquito,AAC,AAT,Asn,D,134,150,89.3333333333333
Mosquito,AAC,AAT,Asn,L,2,150,1.33333333333333
Mosquito,AAC,AAT,Asn,N,14,150,9.33333333333333
Mosquito,AAG,AAA,Lys,B,5,161,3.1055900621118
Mosquito,AAG,AAA,Lys,D,8,161,4.96894409937888
Mosquito,AAG,AAA,Lys,N,148,161,91.9254658385093
Mosquito,AAT,AAC,Asn,B,9,124,7.25806451612903
Mosquito,AAT,AAC,Asn,D,4,124,3.2258064516129
Mosquito,AAT,AAC,Asn,L,1,124,0.806451612903226
Mosquito,AAT,AAC,Asn,N,110,124,88.7096774193548
Mosquito,ACA,ACC,Thr,B,4,268,1.49253731343284
Mosquito,ACA,ACC,Thr,D,60,268,22.3880597014925
Mosquito,ACA,ACC,Thr,L,31,268,11.5671641791045
Mosquito,ACA,ACC,Thr,N,173,268,64.5522388059701
Mosquito,ACA,ACG,Thr,B,5,268,1.86567164179104
Mosquito,ACA,ACG,Thr,D,55,268,20.5223880597015
Mosquito,ACA,ACG,Thr,N,208,268,77.6119402985075
Mosquito,ACA,ACT,Thr,B,4,268,1.49253731343284
Mosquito,ACA,ACT,Thr,D,28,268,10.4477611940298
Mosquito,ACA,ACT,Thr,L,14,268,5.22388059701492
Mosquito,ACA,ACT,Thr,N,222,268,82.8358208955224
Mosquito,ACC,ACA,Thr,B,2,106,1.88679245283019
Mosquito,ACC,ACA,Thr,D,10,106,9.43396226415094
Mosquito,ACC,ACA,Thr,L,2,106,1.88679245283019
Mosquito,ACC,ACA,Thr,N,92,106,86.7924528301887
Mosquito,ACC,ACG,Thr,B,1,106,0.943396226415094
Mosquito,ACC,ACG,Thr,D,10,106,9.43396226415094
Mosquito,ACC,ACG,Thr,L,32,106,30.188679245283
Mosquito,ACC,ACG,Thr,N,63,106,59.4339622641509
Mosquito,ACC,ACT,Thr,D,95,106,89.622641509434
Mosquito,ACC,ACT,Thr,L,2,106,1.88679245283019
Mosquito,ACC,ACT,Thr,N,9,106,8.49056603773585
Mosquito,ACG,ACA,Thr,B,4,64,6.25
Mosquito,ACG,ACA,Thr,D,3,64,4.6875
Mosquito,ACG,ACA,Thr,N,57,64,89.0625
Mosquito,ACG,ACC,Thr,B,1,64,1.5625
Mosquito,ACG,ACC,Thr,D,16,64,25
Mosquito,ACG,ACC,Thr,L,2,64,3.125
Mosquito,ACG,ACC,Thr,N,45,64,70.3125
Mosquito,ACG,ACT,Thr,B,1,64,1.5625
Mosquito,ACG,ACT,Thr,D,21,64,32.8125
Mosquito,ACG,ACT,Thr,L,2,64,3.125
Mosquito,ACG,ACT,Thr,N,40,64,62.5
Mosquito,ACT,ACA,Thr,B,1,84,1.19047619047619
Mosquito,ACT,ACA,Thr,D,6,84,7.14285714285714
Mosquito,ACT,ACA,Thr,N,77,84,91.6666666666667
Mosquito,ACT,ACC,Thr,B,7,84,8.33333333333333
Mosquito,ACT,ACC,Thr,D,6,84,7.14285714285714
Mosquito,ACT,ACC,Thr,N,71,84,84.5238095238095
Mosquito,ACT,ACG,Thr,D,4,84,4.76190476190476
Mosquito,ACT,ACG,Thr,L,5,84,5.95238095238095
Mosquito,ACT,ACG,Thr,N,75,84,89.2857142857143
Mosquito,AGA,AGG,Arg,B,2,218,0.917431192660551
Mosquito,AGA,AGG,Arg,D,50,218,22.9357798165138
Mosquito,AGA,AGG,Arg,N,166,218,76.1467889908257
Mosquito,AGA,CGA,Arg,B,5,218,2.29357798165138
Mosquito,AGA,CGA,Arg,D,31,218,14.2201834862385
Mosquito,AGA,CGA,Arg,L,11,218,5.04587155963303
Mosquito,AGA,CGA,Arg,N,171,218,78.4403669724771
Mosquito,AGC,AGT,Ser,D,63,68,92.6470588235294
Mosquito,AGC,AGT,Ser,N,5,68,7.35294117647059
Mosquito,AGG,AGA,Arg,B,6,80,7.5
Mosquito,AGG,AGA,Arg,D,4,80,5
Mosquito,AGG,AGA,Arg,N,70,80,87.5
Mosquito,AGG,CGG,Arg,D,15,80,18.75
Mosquito,AGG,CGG,Arg,L,5,80,6.25
Mosquito,AGG,CGG,Arg,N,60,80,75
Mosquito,AGT,AGC,Ser,B,7,56,12.5
Mosquito,AGT,AGC,Ser,D,1,56,1.78571428571429
Mosquito,AGT,AGC,Ser,N,48,56,85.7142857142857
Mosquito,ATA,ATC,Ile,D,45,170,26.4705882352941
Mosquito,ATA,ATC,Ile,L,16,170,9.41176470588235
Mosquito,ATA,ATC,Ile,N,109,170,64.1176470588235
Mosquito,ATA,ATT,Ile,B,4,170,2.35294117647059
Mosquito,ATA,ATT,Ile,D,19,170,11.1764705882353
Mosquito,ATA,ATT,Ile,L,6,170,3.52941176470588
Mosquito,ATA,ATT,Ile,N,141,170,82.9411764705882
Mosquito,ATC,ATA,Ile,B,8,150,5.33333333333333
Mosquito,ATC,ATA,Ile,D,21,150,14
Mosquito,ATC,ATA,Ile,L,11,150,7.33333333333333
Mosquito,ATC,ATA,Ile,N,110,150,73.3333333333333
Mosquito,ATC,ATT,Ile,D,136,150,90.6666666666667
Mosquito,ATC,ATT,Ile,L,1,150,0.666666666666667
Mosquito,ATC,ATT,Ile,N,13,150,8.66666666666667
Mosquito,ATT,ATA,Ile,B,1,120,0.833333333333333
Mosquito,ATT,ATA,Ile,D,6,120,5
Mosquito,ATT,ATA,Ile,L,1,120,0.833333333333333
Mosquito,ATT,ATA,Ile,N,112,120,93.3333333333333
Mosquito,ATT,ATC,Ile,B,6,120,5
Mosquito,ATT,ATC,Ile,D,4,120,3.33333333333333
Mosquito,ATT,ATC,Ile,N,110,120,91.6666666666667
Mosquito,CAA,CAG,Gln,B,2,124,1.61290322580645
Mosquito,CAA,CAG,Gln,D,16,124,12.9032258064516
Mosquito,CAA,CAG,Gln,L,2,124,1.61290322580645
Mosquito,CAA,CAG,Gln,N,104,124,83.8709677419355
Mosquito,CAC,CAT,His,D,43,56,76.7857142857143
Mosquito,CAC,CAT,His,N,13,56,23.2142857142857
Mosquito,CAG,CAA,Gln,B,2,80,2.5
Mosquito,CAG,CAA,Gln,D,5,80,6.25
Mosquito,CAG,CAA,Gln,N,73,80,91.25
Mosquito,CAT,CAC,His,B,6,78,7.69230769230769
Mosquito,CAT,CAC,His,D,2,78,2.56410256410256
Mosquito,CAT,CAC,His,N,70,78,89.7435897435898
Mosquito,CCA,CCC,Pro,D,37,172,21.5116279069767
Mosquito,CCA,CCC,Pro,L,10,172,5.81395348837209
Mosquito,CCA,CCC,Pro,N,125,172,72.6744186046512
Mosquito,CCA,CCG,Pro,B,3,172,1.74418604651163
Mosquito,CCA,CCG,Pro,D,33,172,19.1860465116279
Mosquito,CCA,CCG,Pro,N,136,172,79.0697674418605
Mosquito,CCA,CCT,Pro,B,3,172,1.74418604651163
Mosquito,CCA,CCT,Pro,D,12,172,6.97674418604651
Mosquito,CCA,CCT,Pro,L,6,172,3.48837209302326
Mosquito,CCA,CCT,Pro,N,151,172,87.7906976744186
Mosquito,CCC,CCA,Pro,D,5,54,9.25925925925926
Mosquito,CCC,CCA,Pro,L,1,54,1.85185185185185
Mosquito,CCC,CCA,Pro,N,48,54,88.8888888888889
Mosquito,CCC,CCG,Pro,D,4,54,7.40740740740741
Mosquito,CCC,CCG,Pro,L,9,54,16.6666666666667
Mosquito,CCC,CCG,Pro,N,41,54,75.9259259259259
Mosquito,CCC,CCT,Pro,D,45,54,83.3333333333333
Mosquito,CCC,CCT,Pro,L,2,54,3.7037037037037
Mosquito,CCC,CCT,Pro,N,7,54,12.962962962963
Mosquito,CCG,CCA,Pro,N,18,18,100
Mosquito,CCG,CCC,Pro,D,4,18,22.2222222222222
Mosquito,CCG,CCC,Pro,L,1,18,5.55555555555556
Mosquito,CCG,CCC,Pro,N,13,18,72.2222222222222
Mosquito,CCG,CCT,Pro,D,5,18,27.7777777777778
Mosquito,CCG,CCT,Pro,N,13,18,72.2222222222222
Mosquito,CCT,CCA,Pro,B,2,48,4.16666666666667
Mosquito,CCT,CCA,Pro,D,1,48,2.08333333333333
Mosquito,CCT,CCA,Pro,N,45,48,93.75
Mosquito,CCT,CCC,Pro,B,6,48,12.5
Mosquito,CCT,CCC,Pro,D,3,48,6.25
Mosquito,CCT,CCC,Pro,N,39,48,81.25
Mosquito,CCT,CCG,Pro,D,3,48,6.25
Mosquito,CCT,CCG,Pro,N,45,48,93.75
Mosquito,CGA,AGA,Arg,D,2,28,7.14285714285714
Mosquito,CGA,AGA,Arg,N,26,28,92.8571428571429
Mosquito,CGA,CGC,Arg,B,1,28,3.57142857142857
Mosquito,CGA,CGC,Arg,L,1,28,3.57142857142857
Mosquito,CGA,CGC,Arg,N,26,28,92.8571428571429
Mosquito,CGA,CGG,Arg,D,1,28,3.57142857142857
Mosquito,CGA,CGG,Arg,N,27,28,96.4285714285714
Mosquito,CGA,CGT,Arg,B,1,28,3.57142857142857
Mosquito,CGA,CGT,Arg,D,2,28,7.14285714285714
Mosquito,CGA,CGT,Arg,L,4,28,14.2857142857143
Mosquito,CGA,CGT,Arg,N,21,28,75
Mosquito,CGC,CGA,Arg,D,6,28,21.4285714285714
Mosquito,CGC,CGA,Arg,L,1,28,3.57142857142857
Mosquito,CGC,CGA,Arg,N,21,28,75
Mosquito,CGC,CGG,Arg,D,4,28,14.2857142857143
Mosquito,CGC,CGG,Arg,L,7,28,25
Mosquito,CGC,CGG,Arg,N,17,28,60.7142857142857
Mosquito,CGC,CGT,Arg,D,24,28,85.7142857142857
Mosquito,CGC,CGT,Arg,L,1,28,3.57142857142857
Mosquito,CGC,CGT,Arg,N,3,28,10.7142857142857
Mosquito,CGG,AGG,Arg,B,1,14,7.14285714285714
Mosquito,CGG,AGG,Arg,D,1,14,7.14285714285714
Mosquito,CGG,AGG,Arg,N,12,14,85.7142857142857
Mosquito,CGG,CGA,Arg,N,14,14,100
Mosquito,CGG,CGC,Arg,D,4,14,28.5714285714286
Mosquito,CGG,CGC,Arg,N,10,14,71.4285714285714
Mosquito,CGG,CGT,Arg,D,5,14,35.7142857142857
Mosquito,CGG,CGT,Arg,N,9,14,64.2857142857143
Mosquito,CGT,CGA,Arg,D,5,22,22.7272727272727
Mosquito,CGT,CGA,Arg,N,17,22,77.2727272727273
Mosquito,CGT,CGC,Arg,B,2,22,9.09090909090909
Mosquito,CGT,CGC,Arg,D,1,22,4.54545454545455
Mosquito,CGT,CGC,Arg,N,19,22,86.3636363636364
Mosquito,CGT,CGG,Arg,D,1,22,4.54545454545455
Mosquito,CGT,CGG,Arg,L,2,22,9.09090909090909
Mosquito,CGT,CGG,Arg,N,19,22,86.3636363636364
Mosquito,CTA,CTC,Leu,B,1,110,0.909090909090909
Mosquito,CTA,CTC,Leu,D,17,110,15.4545454545455
Mosquito,CTA,CTC,Leu,L,10,110,9.09090909090909
Mosquito,CTA,CTC,Leu,N,82,110,74.5454545454545
Mosquito,CTA,CTG,Leu,B,3,110,2.72727272727273
Mosquito,CTA,CTG,Leu,D,11,110,10
Mosquito,CTA,CTG,Leu,N,96,110,87.2727272727273
Mosquito,CTA,CTT,Leu,B,5,110,4.54545454545455
Mosquito,CTA,CTT,Leu,D,8,110,7.27272727272727
Mosquito,CTA,CTT,Leu,L,6,110,5.45454545454545
Mosquito,CTA,CTT,Leu,N,91,110,82.7272727272727
Mosquito,CTA,TTA,Leu,D,99,110,90
Mosquito,CTA,TTA,Leu,N,11,110,10
Mosquito,CTC,CTA,Leu,B,1,108,0.925925925925926
Mosquito,CTC,CTA,Leu,D,17,108,15.7407407407407
Mosquito,CTC,CTA,Leu,L,2,108,1.85185185185185
Mosquito,CTC,CTA,Leu,N,88,108,81.4814814814815
Mosquito,CTC,CTG,Leu,D,10,108,9.25925925925926
Mosquito,CTC,CTG,Leu,L,23,108,21.2962962962963
Mosquito,CTC,CTG,Leu,N,75,108,69.4444444444444
Mosquito,CTC,CTT,Leu,D,94,108,87.037037037037
Mosquito,CTC,CTT,Leu,N,14,108,12.962962962963
Mosquito,CTG,CTA,Leu,B,6,138,4.34782608695652
Mosquito,CTG,CTA,Leu,D,3,138,2.17391304347826
Mosquito,CTG,CTA,Leu,N,129,138,93.4782608695652
Mosquito,CTG,CTC,Leu,B,1,138,0.72463768115942
Mosquito,CTG,CTC,Leu,D,30,138,21.7391304347826
Mosquito,CTG,CTC,Leu,L,10,138,7.2463768115942
Mosquito,CTG,CTC,Leu,N,97,138,70.2898550724638
Mosquito,CTG,CTT,Leu,D,37,138,26.8115942028986
Mosquito,CTG,CTT,Leu,L,10,138,7.2463768115942
Mosquito,CTG,CTT,Leu,N,91,138,65.9420289855072
Mosquito,CTG,TTG,Leu,D,119,136,87.5
Mosquito,CTG,TTG,Leu,L,2,136,1.47058823529412
Mosquito,CTG,TTG,Leu,N,15,136,11.0294117647059
Mosquito,CTT,CTA,Leu,B,1,60,1.66666666666667
Mosquito,CTT,CTA,Leu,D,4,60,6.66666666666667
Mosquito,CTT,CTA,Leu,L,2,60,3.33333333333333
Mosquito,CTT,CTA,Leu,N,53,60,88.3333333333333
Mosquito,CTT,CTC,Leu,B,8,60,13.3333333333333
Mosquito,CTT,CTC,Leu,D,1,60,1.66666666666667
Mosquito,CTT,CTC,Leu,N,51,60,85
Mosquito,CTT,CTG,Leu,B,2,60,3.33333333333333
Mosquito,CTT,CTG,Leu,D,7,60,11.6666666666667
Mosquito,CTT,CTG,Leu,L,3,60,5
Mosquito,CTT,CTG,Leu,N,48,60,80
Mosquito,GAA,GAG,Glu,B,4,330,1.21212121212121
Mosquito,GAA,GAG,Glu,D,64,330,19.3939393939394
Mosquito,GAA,GAG,Glu,L,1,330,0.303030303030303
Mosquito,GAA,GAG,Glu,N,261,330,79.0909090909091
Mosquito,GAC,GAT,Asp,D,147,157,93.6305732484076
Mosquito,GAC,GAT,Asp,L,3,157,1.91082802547771
Mosquito,GAC,GAT,Asp,N,7,157,4.45859872611465
Mosquito,GAG,GAA,Glu,B,11,151,7.28476821192053
Mosquito,GAG,GAA,Glu,D,9,151,5.96026490066225
Mosquito,GAG,GAA,Glu,N,131,151,86.7549668874172
Mosquito,GAT,GAC,Asp,B,8,108,7.40740740740741
Mosquito,GAT,GAC,Asp,D,6,108,5.55555555555556
Mosquito,GAT,GAC,Asp,N,94,108,87.037037037037
Mosquito,GCA,GCC,Ala,B,1,182,0.549450549450549
Mosquito,GCA,GCC,Ala,D,16,182,8.79120879120879
Mosquito,GCA,GCC,Ala,L,5,182,2.74725274725275
Mosquito,GCA,GCC,Ala,N,160,182,87.9120879120879
Mosquito,GCA,GCG,Ala,B,1,182,0.549450549450549
Mosquito,GCA,GCG,Ala,D,23,182,12.6373626373626
Mosquito,GCA,GCG,Ala,N,158,182,86.8131868131868
Mosquito,GCA,GCT,Ala,B,5,182,2.74725274725275
Mosquito,GCA,GCT,Ala,D,3,182,1.64835164835165
Mosquito,GCA,GCT,Ala,L,4,182,2.1978021978022
Mosquito,GCA,GCT,Ala,N,170,182,93.4065934065934
Mosquito,GCC,GCA,Ala,B,1,132,0.757575757575758
Mosquito,GCC,GCA,Ala,D,9,132,6.81818181818182
Mosquito,GCC,GCA,Ala,L,3,132,2.27272727272727
Mosquito,GCC,GCA,Ala,N,119,132,90.1515151515152
Mosquito,GCC,GCG,Ala,B,1,132,0.757575757575758
Mosquito,GCC,GCG,Ala,D,7,132,5.3030303030303
Mosquito,GCC,GCG,Ala,L,35,132,26.5151515151515
Mosquito,GCC,GCG,Ala,N,89,132,67.4242424242424
Mosquito,GCC,GCT,Ala,B,1,132,0.757575757575758
Mosquito,GCC,GCT,Ala,D,113,132,85.6060606060606
Mosquito,GCC,GCT,Ala,L,4,132,3.03030303030303
Mosquito,GCC,GCT,Ala,N,14,132,10.6060606060606
Mosquito,GCG,GCA,Ala,D,1,32,3.125
Mosquito,GCG,GCA,Ala,N,31,32,96.875
Mosquito,GCG,GCC,Ala,D,5,32,15.625
Mosquito,GCG,GCC,Ala,L,2,32,6.25
Mosquito,GCG,GCC,Ala,N,25,32,78.125
Mosquito,GCG,GCT,Ala,B,1,32,3.125
Mosquito,GCG,GCT,Ala,D,5,32,15.625
Mosquito,GCG,GCT,Ala,L,1,32,3.125
Mosquito,GCG,GCT,Ala,N,25,32,78.125
Mosquito,GCT,GCA,Ala,B,5,102,4.90196078431373
Mosquito,GCT,GCA,Ala,D,5,102,4.90196078431373
Mosquito,GCT,GCA,Ala,L,1,102,0.980392156862745
Mosquito,GCT,GCA,Ala,N,91,102,89.2156862745098
Mosquito,GCT,GCC,Ala,B,8,102,7.84313725490196
Mosquito,GCT,GCC,Ala,D,2,102,1.96078431372549
Mosquito,GCT,GCC,Ala,N,92,102,90.1960784313726
Mosquito,GCT,GCG,Ala,B,2,102,1.96078431372549
Mosquito,GCT,GCG,Ala,D,12,102,11.7647058823529
Mosquito,GCT,GCG,Ala,L,7,102,6.86274509803922
Mosquito,GCT,GCG,Ala,N,81,102,79.4117647058823
Mosquito,GGA,GGC,Gly,B,4,314,1.27388535031847
Mosquito,GGA,GGC,Gly,D,47,314,14.968152866242
Mosquito,GGA,GGC,Gly,L,37,314,11.7834394904459
Mosquito,GGA,GGC,Gly,N,226,314,71.9745222929936
Mosquito,GGA,GGG,Gly,B,4,312,1.28205128205128
Mosquito,GGA,GGG,Gly,D,69,312,22.1153846153846
Mosquito,GGA,GGG,Gly,L,4,312,1.28205128205128
Mosquito,GGA,GGG,Gly,N,235,312,75.3205128205128
Mosquito,GGA,GGT,Gly,B,4,314,1.27388535031847
Mosquito,GGA,GGT,Gly,D,65,314,20.7006369426752
Mosquito,GGA,GGT,Gly,L,52,314,16.5605095541401
Mosquito,GGA,GGT,Gly,N,193,314,61.4649681528662
Mosquito,GGC,GGA,Gly,B,2,76,2.63157894736842
Mosquito,GGC,GGA,Gly,D,11,76,14.4736842105263
Mosquito,GGC,GGA,Gly,L,1,76,1.31578947368421
Mosquito,GGC,GGA,Gly,N,62,76,81.5789473684211
Mosquito,GGC,GGG,Gly,D,5,76,6.57894736842105
Mosquito,GGC,GGG,Gly,L,5,76,6.57894736842105
Mosquito,GGC,GGG,Gly,N,66,76,86.8421052631579
Mosquito,GGC,GGT,Gly,D,65,76,85.5263157894737
Mosquito,GGC,GGT,Gly,L,7,76,9.21052631578947
Mosquito,GGC,GGT,Gly,N,4,76,5.26315789473684
Mosquito,GGG,GGA,Gly,B,2,100,2
Mosquito,GGG,GGA,Gly,D,3,100,3
Mosquito,GGG,GGA,Gly,N,95,100,95
Mosquito,GGG,GGC,Gly,B,1,100,1
Mosquito,GGG,GGC,Gly,D,17,100,17
Mosquito,GGG,GGC,Gly,L,15,100,15
Mosquito,GGG,GGC,Gly,N,67,100,67
Mosquito,GGG,GGT,Gly,D,34,100,34
Mosquito,GGG,GGT,Gly,L,16,100,16
Mosquito,GGG,GGT,Gly,N,50,100,50
Mosquito,GGT,GGA,Gly,B,2,58,3.44827586206897
Mosquito,GGT,GGA,Gly,D,3,58,5.17241379310345
Mosquito,GGT,GGA,Gly,L,2,58,3.44827586206897
Mosquito,GGT,GGA,Gly,N,51,58,87.9310344827586
Mosquito,GGT,GGC,Gly,B,4,58,6.89655172413793
Mosquito,GGT,GGC,Gly,D,3,58,5.17241379310345
Mosquito,GGT,GGC,Gly,N,51,58,87.9310344827586
Mosquito,GGT,GGG,Gly,B,1,58,1.72413793103448
Mosquito,GGT,GGG,Gly,D,3,58,5.17241379310345
Mosquito,GGT,GGG,Gly,L,1,58,1.72413793103448
Mosquito,GGT,GGG,Gly,N,53,58,91.3793103448276
Mosquito,GTA,GTC,Val,D,9,54,16.6666666666667
Mosquito,GTA,GTC,Val,L,11,54,20.3703703703704
Mosquito,GTA,GTC,Val,N,34,54,62.962962962963
Mosquito,GTA,GTG,Val,B,1,54,1.85185185185185
Mosquito,GTA,GTG,Val,D,6,54,11.1111111111111
Mosquito,GTA,GTG,Val,N,47,54,87.037037037037
Mosquito,GTA,GTT,Val,D,3,54,5.55555555555556
Mosquito,GTA,GTT,Val,L,1,54,1.85185185185185
Mosquito,GTA,GTT,Val,N,50,54,92.5925925925926
Mosquito,GTC,GTA,Val,B,3,98,3.06122448979592
Mosquito,GTC,GTA,Val,D,18,98,18.3673469387755
Mosquito,GTC,GTA,Val,L,1,98,1.02040816326531
Mosquito,GTC,GTA,Val,N,76,98,77.5510204081633
Mosquito,GTC,GTG,Val,B,3,98,3.06122448979592
Mosquito,GTC,GTG,Val,D,7,98,7.14285714285714
Mosquito,GTC,GTG,Val,L,18,98,18.3673469387755
Mosquito,GTC,GTG,Val,N,70,98,71.4285714285714
Mosquito,GTC,GTT,Val,D,81,98,82.6530612244898
Mosquito,GTC,GTT,Val,N,17,98,17.3469387755102
Mosquito,GTG,GTA,Val,B,5,182,2.74725274725275
Mosquito,GTG,GTA,Val,D,11,182,6.04395604395604
Mosquito,GTG,GTA,Val,N,166,182,91.2087912087912
Mosquito,GTG,GTC,Val,B,2,182,1.0989010989011
Mosquito,GTG,GTC,Val,D,35,182,19.2307692307692
Mosquito,GTG,GTC,Val,L,14,182,7.69230769230769
Mosquito,GTG,GTC,Val,N,131,182,71.978021978022
Mosquito,GTG,GTT,Val,B,1,182,0.549450549450549
Mosquito,GTG,GTT,Val,D,52,182,28.5714285714286
Mosquito,GTG,GTT,Val,L,10,182,5.49450549450549
Mosquito,GTG,GTT,Val,N,119,182,65.3846153846154
Mosquito,GTT,GTA,Val,B,1,100,1
Mosquito,GTT,GTA,Val,D,7,100,7
Mosquito,GTT,GTA,Val,N,92,100,92
Mosquito,GTT,GTC,Val,B,7,100,7
Mosquito,GTT,GTC,Val,D,8,100,8
Mosquito,GTT,GTC,Val,N,85,100,85
Mosquito,GTT,GTG,Val,B,1,100,1
Mosquito,GTT,GTG,Val,D,6,100,6
Mosquito,GTT,GTG,Val,L,9,100,9
Mosquito,GTT,GTG,Val,N,84,100,84
Mosquito,TAC,TAT,Tyr,B,1,86,1.16279069767442
Mosquito,TAC,TAT,Tyr,D,76,86,88.3720930232558
Mosquito,TAC,TAT,Tyr,L,1,86,1.16279069767442
Mosquito,TAC,TAT,Tyr,N,8,86,9.30232558139535
Mosquito,TAT,TAC,Tyr,B,5,58,8.62068965517241
Mosquito,TAT,TAC,Tyr,D,2,58,3.44827586206897
Mosquito,TAT,TAC,Tyr,N,51,58,87.9310344827586
Mosquito,TCA,TCC,Ser,B,2,128,1.5625
Mosquito,TCA,TCC,Ser,D,33,128,25.78125
Mosquito,TCA,TCC,Ser,L,9,128,7.03125
Mosquito,TCA,TCC,Ser,N,84,128,65.625
Mosquito,TCA,TCG,Ser,B,2,128,1.5625
Mosquito,TCA,TCG,Ser,D,38,128,29.6875
Mosquito,TCA,TCG,Ser,L,2,128,1.5625
Mosquito,TCA,TCG,Ser,N,86,128,67.1875
Mosquito,TCA,TCT,Ser,B,3,128,2.34375
Mosquito,TCA,TCT,Ser,D,15,128,11.71875
Mosquito,TCA,TCT,Ser,L,11,128,8.59375
Mosquito,TCA,TCT,Ser,N,99,128,77.34375
Mosquito,TCC,TCA,Ser,D,7,56,12.5
Mosquito,TCC,TCA,Ser,L,3,56,5.35714285714286
Mosquito,TCC,TCA,Ser,N,46,56,82.1428571428571
Mosquito,TCC,TCG,Ser,B,1,56,1.78571428571429
Mosquito,TCC,TCG,Ser,D,5,56,8.92857142857143
Mosquito,TCC,TCG,Ser,L,18,56,32.1428571428571
Mosquito,TCC,TCG,Ser,N,32,56,57.1428571428571
Mosquito,TCC,TCT,Ser,D,50,56,89.2857142857143
Mosquito,TCC,TCT,Ser,L,2,56,3.57142857142857
Mosquito,TCC,TCT,Ser,N,4,56,7.14285714285714
Mosquito,TCG,TCA,Ser,B,1,18,5.55555555555556
Mosquito,TCG,TCA,Ser,D,1,18,5.55555555555556
Mosquito,TCG,TCA,Ser,N,16,18,88.8888888888889
Mosquito,TCG,TCC,Ser,D,1,18,5.55555555555556
Mosquito,TCG,TCC,Ser,L,4,18,22.2222222222222
Mosquito,TCG,TCC,Ser,N,13,18,72.2222222222222
Mosquito,TCG,TCT,Ser,D,6,18,33.3333333333333
Mosquito,TCG,TCT,Ser,L,1,18,5.55555555555556
Mosquito,TCG,TCT,Ser,N,11,18,61.1111111111111
Mosquito,TCT,TCA,Ser,B,1,58,1.72413793103448
Mosquito,TCT,TCA,Ser,D,4,58,6.89655172413793
Mosquito,TCT,TCA,Ser,N,53,58,91.3793103448276
Mosquito,TCT,TCC,Ser,B,2,58,3.44827586206897
Mosquito,TCT,TCC,Ser,D,5,58,8.62068965517241
Mosquito,TCT,TCC,Ser,N,51,58,87.9310344827586
Mosquito,TCT,TCG,Ser,B,2,58,3.44827586206897
Mosquito,TCT,TCG,Ser,D,6,58,10.3448275862069
Mosquito,TCT,TCG,Ser,L,4,58,6.89655172413793
Mosquito,TCT,TCG,Ser,N,46,58,79.3103448275862
Mosquito,TGC,TGT,Cys,D,52,62,83.8709677419355
Mosquito,TGC,TGT,Cys,N,10,62,16.1290322580645
Mosquito,TGT,TGC,Cys,B,6,52,11.5384615384615
Mosquito,TGT,TGC,Cys,D,3,52,5.76923076923077
Mosquito,TGT,TGC,Cys,N,43,52,82.6923076923077
Mosquito,TTA,CTA,Leu,B,9,84,10.7142857142857
Mosquito,TTA,CTA,Leu,D,4,84,4.76190476190476
Mosquito,TTA,CTA,Leu,N,71,84,84.5238095238095
Mosquito,TTA,TTG,Leu,B,2,84,2.38095238095238
Mosquito,TTA,TTG,Leu,D,2,84,2.38095238095238
Mosquito,TTA,TTG,Leu,N,80,84,95.2380952380952
Mosquito,TTC,TTT,Phe,B,1,110,0.909090909090909
Mosquito,TTC,TTT,Phe,D,83,110,75.4545454545455
Mosquito,TTC,TTT,Phe,L,5,110,4.54545454545455
Mosquito,TTC,TTT,Phe,N,21,110,19.0909090909091
Mosquito,TTG,CTG,Leu,B,8,128,6.25
Mosquito,TTG,CTG,Leu,D,2,128,1.5625
Mosquito,TTG,CTG,Leu,N,118,128,92.1875
Mosquito,TTG,TTA,Leu,B,1,128,0.78125
Mosquito,TTG,TTA,Leu,D,7,128,5.46875
Mosquito,TTG,TTA,Leu,L,2,128,1.5625
Mosquito,TTG,TTA,Leu,N,118,128,92.1875
Mosquito,TTT,TTC,Phe,B,9,90,10
Mosquito,TTT,TTC,Phe,D,6,90,6.66666666666667
Mosquito,TTT,TTC,Phe,N,75,90,83.3333333333333
