host,mutcodon,codon_class,group,mut_aa,mean_wrel
Human,AAA,denguenized,3,Lys,1.16041643571957
Human,AAA,frequently_used,1,Lys,1.16041643571957
Human,AAA,preferentially_used,2,Lys,1.16041643571957
Human,AAC,frequently_used,1,Asn,1.12020152957113
Human,AAG,non_preferentially_used,2,Lys,0.887348621417198
Human,AAG,frequently_used,1,Lys,0.887348621417198
Human,ACA,frequently_used,1,Thr,1.332162806645
Human,ACA,preferentially_used,2,Thr,1.332162806645
Human,ACA,denguenized,3,Thr,1.332162806645
Human,ACC,non_preferentially_used,2,Thr,0.822848160531919
Human,ACT,non_preferentially_used,2,Thr,1.02218919856525
Human,AGA,frequently_used,1,Arg,1.56749601076845
Human,AGA,denguenized,3,Arg,1.56749601076845
Human,AGA,preferentially_used,2,Arg,1.56749601076845
Human,AGT,infrequently_used,1,Ser,0.392803070588235
Human,ATA,denguenized,3,Ile,1.26407155658242
Human,ATA,frequently_used,1,Ile,1.26407155658242
Human,ATA,preferentially_used,2,Ile,1.26407155658242
Human,ATC,frequently_used,1,Ile,1.02621052286686
Human,CAA,preferentially_used,2,Gln,1.09191740515883
Human,CAC,infrequently_used,1,His,1.10714211538462
Human,CAG,non_preferentially_used,2,Gln,0.835714317748739
Human,CCA,frequently_used,1,Pro,1.32066652606438
Human,CCA,preferentially_used,2,Pro,1.32066652606438
Human,CCA,denguenized,3,Pro,1.32066652606438
Human,CCC,infrequently_used,1,Pro,0.877831128209499
Human,CCC,non_preferentially_used,2,Pro,0.877831128209499
Human,CCC,non_denguenized,3,Pro,0.877831128209499
Human,CCG,non_denguenized,3,Pro,1.11634971413425
Human,CCG,non_preferentially_used,2,Pro,1.11634971413425
Human,CCG,infrequently_used,1,Pro,1.11634971413425
Human,CCT,non_denguenized,3,Pro,0.979706131397469
Human,CCT,infrequently_used,1,Pro,0.979706131397469
Human,CCT,non_preferentially_used,2,Pro,0.979706131397469
Human,CGA,non_denguenized,3,Arg,0.958392244168705
Human,CGA,infrequently_used,1,Arg,0.958392244168705
Human,CGA,non_preferentially_used,2,Arg,0.958392244168705
Human,CGC,infrequently_used,1,Arg,1.27969125365399
Human,CGC,non_preferentially_used,2,Arg,1.27969125365399
Human,CGC,non_denguenized,3,Arg,1.27969125365399
Human,CGG,infrequently_used,1,Arg,1.00541811198606
Human,CGG,non_denguenized,3,Arg,1.00541811198606
Human,CGG,non_preferentially_used,2,Arg,1.00541811198606
Human,CGT,infrequently_used,1,Arg,0.743052122288066
Human,CTA,preferentially_used,2,Leu,1.25456505675713
Human,CTG,non_preferentially_used,2,Leu,1.10637737641115
Human,GAA,preferentially_used,2,Glu,1.13337416920957
Human,GAA,denguenized,3,Glu,1.13337416920957
Human,GAA,frequently_used,1,Glu,1.13337416920957
Human,GAC,frequently_used,1,Asp,1.17729965648148
Human,GAG,frequently_used,1,Glu,0.84543101330303
Human,GAG,non_preferentially_used,2,Glu,0.84543101330303
Human,GCA,frequently_used,1,Ala,1.38782812126761
Human,GCA,preferentially_used,2,Ala,1.38782812126761
Human,GCA,denguenized,3,Ala,1.38782812126761
Human,GCG,non_denguenized,3,Ala,1.51005443012646
Human,GCG,infrequently_used,1,Ala,1.51005443012646
Human,GCG,non_preferentially_used,2,Ala,1.51005443012646
Human,GGA,frequently_used,1,Gly,1.32816505634833
Human,GGA,denguenized,3,Gly,1.32816505634833
Human,GGA,preferentially_used,2,Gly,1.32816505634833
Human,GGC,non_preferentially_used,2,Gly,1.14302304231242
Human,GGT,non_preferentially_used,2,Gly,0.843561691928009
Human,GTA,infrequently_used,1,Val,1.26193607904384
Human,GTG,frequently_used,1,Val,1.1716196961312
Human,TAT,infrequently_used,1,Tyr,0.443653373604651
Human,TCA,preferentially_used,2,Ser,1.16267839218562
Human,TCC,infrequently_used,1,Ser,0.848353804699846
Human,TCC,non_preferentially_used,2,Ser,0.848353804699846
Human,TCC,non_denguenized,3,Ser,0.848353804699846
Human,TCG,infrequently_used,1,Ser,1.02579265466828
Human,TCT,infrequently_used,1,Ser,0.926091284419282
Human,TGT,infrequently_used,1,Cys,0.473692319354839
Human,TTA,preferentially_used,2,Leu,0.788239804786285
Human,TTG,preferentially_used,2,Leu,0.657937889687888
Mosquito,AAA,preferentially_used,2,Lys,1.17393284647839
Mosquito,AAA,frequently_used,1,Lys,1.17393284647839
Mosquito,AAA,denguenized,3,Lys,1.17393284647839
Mosquito,AAC,frequently_used,1,Asn,1.14616236912437
Mosquito,AAG,frequently_used,1,Lys,0.938505273784229
Mosquito,AAG,non_preferentially_used,2,Lys,0.938505273784229
Mosquito,ACA,denguenized,3,Thr,1.22137380309806
Mosquito,ACA,frequently_used,1,Thr,1.22137380309806
Mosquito,ACA,preferentially_used,2,Thr,1.22137380309806
Mosquito,ACC,non_preferentially_used,2,Thr,0.963435824376961
Mosquito,ACG,non_preferentially_used,2,Thr,1.16800398343456
Mosquito,AGA,denguenized,3,Arg,1.26077725628723
Mosquito,AGA,frequently_used,1,Arg,1.26077725628723
Mosquito,AGA,preferentially_used,2,Arg,1.26077725628723
Mosquito,AGG,preferentially_used,2,Arg,0.893453816819695
Mosquito,AGT,infrequently_used,1,Ser,0.383546726701471
Mosquito,ATA,preferentially_used,2,Ile,1.06805015407001
Mosquito,ATA,denguenized,3,Ile,1.06805015407001
Mosquito,ATA,frequently_used,1,Ile,1.06805015407001
Mosquito,ATC,frequently_used,1,Ile,0.963994970076495
Mosquito,ATC,non_preferentially_used,2,Ile,0.963994970076495
Mosquito,CAA,preferentially_used,2,Gln,1.17525629233488
Mosquito,CAC,infrequently_used,1,His,1.15008549871795
Mosquito,CAG,non_preferentially_used,2,Gln,1.03257794247289
Mosquito,CCA,preferentially_used,2,Pro,1.36577925742365
Mosquito,CCA,frequently_used,1,Pro,1.36577925742365
Mosquito,CCA,denguenized,3,Pro,1.36577925742365
Mosquito,CCC,infrequently_used,1,Pro,0.97036428331367
Mosquito,CCG,infrequently_used,1,Pro,1.05614031978794
Mosquito,CCG,non_preferentially_used,2,Pro,1.05614031978794
Mosquito,CCG,non_denguenized,3,Pro,1.05614031978794
Mosquito,CCT,infrequently_used,1,Pro,1.21425683633233
Mosquito,CGA,infrequently_used,1,Arg,1.11353960643671
Mosquito,CGA,non_denguenized,3,Arg,1.11353960643671
Mosquito,CGA,non_preferentially_used,2,Arg,1.11353960643671
Mosquito,CGC,infrequently_used,1,Arg,1.22188757205989
Mosquito,CGC,non_denguenized,3,Arg,1.22188757205989
Mosquito,CGC,non_preferentially_used,2,Arg,1.22188757205989
Mosquito,CGG,non_denguenized,3,Arg,1.06819201682313
Mosquito,CGG,non_preferentially_used,2,Arg,1.06819201682313
Mosquito,CGG,infrequently_used,1,Arg,1.06819201682313
Mosquito,CGT,non_denguenized,3,Arg,0.731679574167826
Mosquito,CGT,infrequently_used,1,Arg,0.731679574167826
Mosquito,CGT,non_preferentially_used,2,Arg,0.731679574167826
Mosquito,CTA,preferentially_used,2,Leu,1.21892473042673
Mosquito,CTG,non_preferentially_used,2,Leu,1.23737032201858
Mosquito,GAA,frequently_used,1,Glu,1.25197988618156
Mosquito,GAC,frequently_used,1,Asp,1.18129219814815
Mosquito,GAG,frequently_used,1,Glu,0.932914355757576
Mosquito,GAG,non_preferentially_used,2,Glu,0.932914355757576
Mosquito,GCA,frequently_used,1,Ala,1.39366594249903
Mosquito,GCA,preferentially_used,2,Ala,1.39366594249903
Mosquito,GCA,denguenized,3,Ala,1.39366594249903
Mosquito,GCG,non_preferentially_used,2,Ala,1.23149747607948
Mosquito,GCG,infrequently_used,1,Ala,1.23149747607948
Mosquito,GCG,non_denguenized,3,Ala,1.23149747607948
Mosquito,GGA,frequently_used,1,Gly,1.3579525123067
Mosquito,GGA,preferentially_used,2,Gly,1.3579525123067
Mosquito,GGA,denguenized,3,Gly,1.3579525123067
Mosquito,GGC,non_preferentially_used,2,Gly,1.14079128937703
Mosquito,GGT,non_preferentially_used,2,Gly,0.790858583411542
Mosquito,GTA,infrequently_used,1,Val,1.17891060631487
Mosquito,GTG,frequently_used,1,Val,1.28966109975358
Mosquito,TAT,infrequently_used,1,Tyr,0.507060291860465
Mosquito,TCA,preferentially_used,2,Ser,1.23066306504593
Mosquito,TCC,infrequently_used,1,Ser,1.15154574948363
Mosquito,TCG,non_preferentially_used,2,Ser,0.958540797469326
Mosquito,TCG,infrequently_used,1,Ser,0.958540797469326
Mosquito,TCG,non_denguenized,3,Ser,0.958540797469326
Mosquito,TCT,preferentially_used,2,Ser,0.987802824648266
Mosquito,TCT,infrequently_used,1,Ser,0.987802824648266
Mosquito,TGT,infrequently_used,1,Cys,0.476954223342581
Mosquito,TTA,preferentially_used,2,Leu,0.890202566968167
